year,title,doi,is_oa,oa_status,cited_by,landing_page,doi_link,pdf_url,downloaded,local_file
2025,"Mitigating Environmental Impact Through the Use of Rice Husk Ash in Sustainable Concrete: Experimental Study, Numerical Modelling, and Optimisation",10.3390/ma18143298,True,gold,9,https://doi.org/10.3390/ma18143298,https://doi.org/10.3390/ma18143298,https://www.mdpi.com/1996-1944/18/14/3298/pdf?version=1752388443,no,
2025,"Experimental Study on the Mechanical, Durability, and Microstructural Properties of Concrete With Partial Cement Replacement With Coffee Husk Ash and Rice Husk Ash",10.1155/amse/9592140,True,gold,6,https://doi.org/10.1155/amse/9592140,https://doi.org/10.1155/amse/9592140,https://onlinelibrary.wiley.com/doi/pdfdirect/10.1155/amse/9592140,no,
2025,Performance optimisation and predictive modelling of rice husk ash recycled concrete under the coupled action of freeze-thaw cycles and chloride erosion: Experimental study and machine learning,10.1016/j.conbuildmat.2025.141467,False,closed,9,https://doi.org/10.1016/j.conbuildmat.2025.141467,https://doi.org/10.1016/j.conbuildmat.2025.141467,,no,
2025,Optimizing fly ash and rice husk ash as cement replacements on the mechani-cal characteristics of pervious concrete,10.54113/j.sust.2025.000065,True,diamond,64,https://doi.org/10.54113/j.sust.2025.000065,https://doi.org/10.54113/j.sust.2025.000065,https://doi.org/10.54113/j.sust.2025.000065,yes,2025/01_Optimizing_fly_ash_and_rice_husk_ash_as_cement_replacements_on_the_mechani-cal_characteristics_of_pervious_concrete.pdf
2025,Impact of Rice Husk Ash Properties on Concrete Strength: Experimental and Machine Learning Study,10.1155/adce/1812998,True,gold,2,https://doi.org/10.1155/adce/1812998,https://doi.org/10.1155/adce/1812998,https://onlinelibrary.wiley.com/doi/pdfdirect/10.1155/adce/1812998,no,
2025,Durability and environmental evaluation of rice husk ash sustainable concrete containing carbon nanotubes,10.1038/s41598-025-88927-z,True,gold,18,https://doi.org/10.1038/s41598-025-88927-z,https://doi.org/10.1038/s41598-025-88927-z,https://pmc.ncbi.nlm.nih.gov/articles/PMC11799372/pdf/41598_2025_Article_88927.pdf,no,
2025,Enhancing flexural performance of rubberized concrete beams through incorporation of rice husk ash as cement replacement,10.1016/j.engstruct.2025.119958,False,closed,15,https://doi.org/10.1016/j.engstruct.2025.119958,https://doi.org/10.1016/j.engstruct.2025.119958,,no,
2025,Enhancement of polylactic acid (PLA) with hybrid biomass-derived rice husk and biocarbon fillers: a comprehensive experimental study,10.1007/s42452-025-06583-4,True,diamond,32,https://doi.org/10.1007/s42452-025-06583-4,https://doi.org/10.1007/s42452-025-06583-4,https://link.springer.com/content/pdf/10.1007/s42452-025-06583-4.pdf,no,
2025,"Rice husk ash in structural concrete: influence on strength, durability and sustainability",10.1007/s44416-025-00013-9,True,hybrid,16,https://doi.org/10.1007/s44416-025-00013-9,https://doi.org/10.1007/s44416-025-00013-9,https://link.springer.com/content/pdf/10.1007/s44416-025-00013-9.pdf,no,
2025,"Evaluation of rice husk biochar influence as a partial cement replacement material on the physical, mechanical, microstructural, and radiation shielding properties of ordinary concrete",10.1038/s41598-025-11987-8,True,gold,25,https://doi.org/10.1038/s41598-025-11987-8,https://doi.org/10.1038/s41598-025-11987-8,https://www.nature.com/articles/s41598-025-11987-8.pdf,no,
2025,Reliable inverse optimization of rice husk ash concrete via copula-based design spaces and conformal quantile surrogates,10.1016/j.eswa.2025.130582,False,closed,10,https://doi.org/10.1016/j.eswa.2025.130582,https://doi.org/10.1016/j.eswa.2025.130582,,no,
2025,"The role of agricultural ashes (rice husk ash, coffee husk ash, sugarcane bagasse ash, palm oil fuel ash) in cement production for sustainable development in Africa",10.1007/s43621-025-00841-6,True,gold,30,https://doi.org/10.1007/s43621-025-00841-6,https://doi.org/10.1007/s43621-025-00841-6,https://link.springer.com/content/pdf/10.1007/s43621-025-00841-6.pdf,no,
2025,Evaluation of mechanical and thermal performance of jute and coconut fiber-reinforced epoxy composites with rice husk ash for wall insulation applications,10.1016/j.heliyon.2025.e42211,True,gold,31,https://doi.org/10.1016/j.heliyon.2025.e42211,https://doi.org/10.1016/j.heliyon.2025.e42211,https://pmc.ncbi.nlm.nih.gov/articles/PMC11800025/pdf/main.pdf,no,
2025,Synergistic effects of rice husk ash and extracted microsilica on the performance of high-strength concrete,10.1038/s41598-025-25218-7,True,gold,5,https://doi.org/10.1038/s41598-025-25218-7,https://doi.org/10.1038/s41598-025-25218-7,,no,
2025,Durability and mechanical performance of glass and natural fiber-reinforced concrete in acidic environments,10.1016/j.conbuildmat.2025.140262,False,closed,19,https://doi.org/10.1016/j.conbuildmat.2025.140262,https://doi.org/10.1016/j.conbuildmat.2025.140262,,no,
2025,"Optimizing compressive strength prediction of sustainable concrete using ternary‐blended agro‐waste ash, sugarcane bagasse ash, and rice husk ash with soft computing techniques",10.1002/suco.202401562,True,bronze,10,https://doi.org/10.1002/suco.202401562,https://doi.org/10.1002/suco.202401562,https://onlinelibrary.wiley.com/doi/pdfdirect/10.1002/suco.202401562,no,
2025,Experimental and Numerical Analyses on the Flexural Tensile Strength of Ultra-High-Performance Concrete Prisms with and Without Rice Husk Ash,10.3390/buildings15101635,True,gold,4,https://doi.org/10.3390/buildings15101635,https://doi.org/10.3390/buildings15101635,https://www.mdpi.com/2075-5309/15/10/1635/pdf?version=1747130411,no,
2025,"Utilization of rice husks as effective bioadsorbents for methylene blue removal from wastewater: characterization, adsorption performance, and regeneration studies",10.1007/s13201-025-02511-4,True,diamond,15,https://doi.org/10.1007/s13201-025-02511-4,https://doi.org/10.1007/s13201-025-02511-4,https://link.springer.com/content/pdf/10.1007/s13201-025-02511-4.pdf,no,
2025,Advanced statistical optimization and performance evaluation of self‐compacting geopolymer concrete utilizing industrial by‐products,10.1002/suco.70092,True,bronze,16,https://doi.org/10.1002/suco.70092,https://doi.org/10.1002/suco.70092,https://onlinelibrary.wiley.com/doi/pdfdirect/10.1002/suco.70092,no,
2025,Optimization of Cementitious Composites Using Response Surface Methodology: Enhancing Strength and Durability with Rice Husk Ash and Steel Fibers,10.1080/15440478.2025.2502652,True,gold,9,https://doi.org/10.1080/15440478.2025.2502652,https://doi.org/10.1080/15440478.2025.2502652,,no,
2025,"Review of Recent Development Regarding Strength, Durability, and Microstructure Properties of Geopolymer Concrete Containing Rice Husk Ash",10.1155/adce/7211661,True,gold,9,https://doi.org/10.1155/adce/7211661,https://doi.org/10.1155/adce/7211661,https://onlinelibrary.wiley.com/doi/pdfdirect/10.1155/adce/7211661,no,
2025,Influence of Rice Husk Ash on the durability of geopolymer concrete under different molarities,10.1016/j.prostr.2025.07.045,True,diamond,3,https://doi.org/10.1016/j.prostr.2025.07.045,https://doi.org/10.1016/j.prostr.2025.07.045,,no,
2025,"Flexural behavior of reinforced high strength concrete slabs containing glass powder, flay ash, and rice husk ash as cement substitute",10.1016/j.conbuildmat.2025.141393,True,hybrid,5,https://doi.org/10.1016/j.conbuildmat.2025.141393,https://doi.org/10.1016/j.conbuildmat.2025.141393,,no,
2025,"Predicting the mechanical properties of concrete incorporating metakaolin, rice husk ash, and steel fibers using machine learning",10.1088/2631-8695/adb6f1,True,hybrid,4,https://doi.org/10.1088/2631-8695/adb6f1,https://doi.org/10.1088/2631-8695/adb6f1,,no,
2025,"Concrete Mix Design of Recycled Concrete Aggregate (RCA): Analysis of Review Papers, Characteristics, Research Trends, and Underexplored Topics",10.3390/resources14020021,True,gold,53,https://doi.org/10.3390/resources14020021,https://doi.org/10.3390/resources14020021,https://www.mdpi.com/2079-9276/14/2/21/pdf?version=1738058395,no,
2025,A COMPREHENSIVE ASSESSMENT OF RICE HUSK ASH IN CONCRETE,10.21608/auej.2024.309889.1702,True,bronze,1,https://doi.org/10.21608/auej.2024.309889.1702,https://doi.org/10.21608/auej.2024.309889.1702,https://jaes.journals.ekb.eg/article_404772_d30d9bf9c243e94a19dbe78f85ac36b9.pdf,no,
2025,Strength Development of PPC Concrete with Rice Husk Ash: Optimal Replacement Levels for Sustainable Construction,10.3390/su17188258,True,gold,6,https://doi.org/10.3390/su17188258,https://doi.org/10.3390/su17188258,https://www.mdpi.com/2071-1050/17/18/8258/pdf?version=1757844376,no,
2025,EXPERIMENTAL STUDY OF COCONUT FIBER WITH REINFORCED CONCRETE,10.56726/irjmets81922,True,hybrid,11,https://doi.org/10.56726/irjmets81922,https://doi.org/10.56726/irjmets81922,https://doi.org/10.56726/irjmets81922,no,
2025,Optimizing Concrete Mix Design for Cost and Carbon Reduction Using Machine Learning,10.28991/hef-2025-06-02-04,True,diamond,59,https://doi.org/10.28991/hef-2025-06-02-04,https://doi.org/10.28991/hef-2025-06-02-04,https://hefjournal.org/index.php/HEF/article/download/597/195,yes,2025/02_Optimizing_Concrete_Mix_Design_for_Cost_and_Carbon_Reduction_Using_Machine_Learning.pdf
2025,An innovative approach to enhancing the strength and durability of recycled aggregate concrete through fly ash-silica fume coating and rice husk ash supplementation,10.1038/s41598-025-18138-z,True,gold,4,https://doi.org/10.1038/s41598-025-18138-z,https://doi.org/10.1038/s41598-025-18138-z,https://www.nature.com/articles/s41598-025-18138-z.pdf,no,
2025,Experimental Investigation of Concrete Performance Incorporating Deccan Basalt Manufactured Sand and Rice Husk Ash,10.1007/s40009-025-01703-5,False,closed,4,https://doi.org/10.1007/s40009-025-01703-5,https://doi.org/10.1007/s40009-025-01703-5,,no,
2025,Utilization of rice husk waste as biochar and pozzolanic ashes in cementitious blends,10.1007/s44290-025-00179-y,True,diamond,8,https://doi.org/10.1007/s44290-025-00179-y,https://doi.org/10.1007/s44290-025-00179-y,https://link.springer.com/content/pdf/10.1007/s44290-025-00179-y.pdf,no,
2025,Multi-step pre-treatment of rice husk for fractionation of components including silica,10.3389/fchem.2025.1538797,True,gold,9,https://doi.org/10.3389/fchem.2025.1538797,https://doi.org/10.3389/fchem.2025.1538797,https://www.frontiersin.org/journals/chemistry/articles/10.3389/fchem.2025.1538797/pdf,yes,2025/03_Multi-step_pre-treatment_of_rice_husk_for_fractionation_of_components_including_silica.pdf
2025,"Performance and microstructural optimization of sustainable geopolymer mortars using fly ash, ground granulated blast furnace slag, and rice husk ash",10.1002/suco.70192,True,bronze,17,https://doi.org/10.1002/suco.70192,https://doi.org/10.1002/suco.70192,https://onlinelibrary.wiley.com/doi/pdfdirect/10.1002/suco.70192,no,
2025,An overview of the use and process for enhancing the pozzolanic performance of industrial and agricultural wastes in concrete,10.1007/s42452-025-06586-1,True,diamond,29,https://doi.org/10.1007/s42452-025-06586-1,https://doi.org/10.1007/s42452-025-06586-1,https://link.springer.com/content/pdf/10.1007/s42452-025-06586-1.pdf,no,
2025,Sustainable production of self-compacting geopolymer concrete through GGBFS-based optimal blended precursor,10.1016/j.conbuildmat.2025.142830,False,closed,13,https://doi.org/10.1016/j.conbuildmat.2025.142830,https://doi.org/10.1016/j.conbuildmat.2025.142830,,no,
2025,A study on durability and microstructural analysis of high-strength concrete utilizing rice husk ash and non-biodegradable polyethylene,10.1007/s43939-025-00267-x,True,gold,2,https://doi.org/10.1007/s43939-025-00267-x,https://doi.org/10.1007/s43939-025-00267-x,https://link.springer.com/content/pdf/10.1007/s43939-025-00267-x.pdf,no,
2025,Designing sustainable cement free compositions with rice husk ash to improve mechanical performance in next generation ecoblocks,10.1038/s41598-025-97963-8,True,gold,9,https://doi.org/10.1038/s41598-025-97963-8,https://doi.org/10.1038/s41598-025-97963-8,https://www.nature.com/articles/s41598-025-97963-8.pdf,no,
2025,A comprehensive assessment of sustainable high-strength hybrid geopolymer concrete,10.1016/j.rineng.2025.104613,True,gold,12,https://doi.org/10.1016/j.rineng.2025.104613,https://doi.org/10.1016/j.rineng.2025.104613,,no,
2025,"Innovative development of bio-foam concrete using rice husk ash, eggshell powder, and Bacillus tequilensis: Mechanical, durability, and microstructural performance",10.1016/j.jobe.2025.113934,True,hybrid,3,https://doi.org/10.1016/j.jobe.2025.113934,https://doi.org/10.1016/j.jobe.2025.113934,,no,
2025,Effect of Combined MgO Expansive Agent and Rice Husk Ash on Deformation and Strength of Post-Cast Concrete,10.3390/ma18122815,True,gold,4,https://doi.org/10.3390/ma18122815,https://doi.org/10.3390/ma18122815,https://www.mdpi.com/1996-1944/18/12/2815/pdf?version=1750123700,no,
2025,Study of the Compressive Strength of Geopolymer Concrete Using Rice Husk Ash and Seashells in Rigid Pavements,10.4028/p-v4xxrt,True,hybrid,1,https://doi.org/10.4028/p-v4xxrt,https://doi.org/10.4028/p-v4xxrt,,no,
2025,Machine learning approaches for forecasting compressive strength of high-strength concrete,10.1038/s41598-025-10342-1,True,gold,39,https://doi.org/10.1038/s41598-025-10342-1,https://doi.org/10.1038/s41598-025-10342-1,https://www.nature.com/articles/s41598-025-10342-1.pdf,no,
2025,Preparation and evaluation of nanocomposites based on acrylonitrile–butadiene rubber/rice husk waste,10.1007/s00289-025-05717-3,True,hybrid,7,https://doi.org/10.1007/s00289-025-05717-3,https://doi.org/10.1007/s00289-025-05717-3,https://link.springer.com/content/pdf/10.1007/s00289-025-05717-3.pdf,no,
2025,Comparison of fly ash and rice husk ash effects on the mechanical properties of roller compacted concrete for pavements,10.1080/14680629.2025.2492144,True,green,4,https://doi.org/10.1080/14680629.2025.2492144,https://doi.org/10.1080/14680629.2025.2492144,https://eprints.leedsbeckett.ac.uk/id/eprint/12816/1/ComparisonOfFlyAshAndRiceHuskAshEffectsOnTheMechanicalpropertiesOfRollerCompactedConcreteForPavementsPV-AHMED.pdf,yes,2025/04_Comparison_of_fly_ash_and_rice_husk_ash_effects_on_the_mechanical_properties_of_roller_compacted_concrete_for_pavements.pdf
2025,Prediction of mechanical properties of eco-friendly concrete using machine learning algorithms and partial dependence plot analysis,10.1007/s44268-025-00048-8,True,diamond,32,https://doi.org/10.1007/s44268-025-00048-8,https://doi.org/10.1007/s44268-025-00048-8,https://link.springer.com/content/pdf/10.1007/s44268-025-00048-8.pdf,no,
2025,"Synergistic effects of amorphous silica on admixture demand, strength development, and self-healing in low-carbon concrete modified with rice husk silica",10.1016/j.conbuildmat.2025.143747,False,closed,2,https://doi.org/10.1016/j.conbuildmat.2025.143747,https://doi.org/10.1016/j.conbuildmat.2025.143747,,no,
2025,Porous Refractories Synthesized Using Rice Husk and Rice Husk Processing Products,10.3390/ma18215063,True,gold,2,https://doi.org/10.3390/ma18215063,https://doi.org/10.3390/ma18215063,https://www.mdpi.com/1996-1944/18/21/5063/pdf?version=1762490019,no,
2025,Valorisation of rice husk ash as an activator in the preparation of alkali-activated cements based on electric arc furnace slag,10.1007/s43452-025-01209-3,True,hybrid,8,https://doi.org/10.1007/s43452-025-01209-3,https://doi.org/10.1007/s43452-025-01209-3,https://link.springer.com/content/pdf/10.1007/s43452-025-01209-3.pdf,no,
2025,Effect of Oil Palm Broom Fiber on the Mechanical Properties of Rice Husk Ash–Blended Concrete,10.21926/rpm.2503013,True,hybrid,1,https://doi.org/10.21926/rpm.2503013,https://doi.org/10.21926/rpm.2503013,https://www.lidsen.com/journals/rpm/rpm-07-03-013/rpm.2503013.pdf,yes,2025/05_Effect_of_Oil_Palm_Broom_Fiber_on_the_Mechanical_Properties_of_Rice_Husk_AshBlended_Concrete.pdf
2025,"Impact of attapulgite and basalt fiber additions on the performance of pumice-based foam concrete: mechanical, thermal, and durability properties",10.1007/s43452-025-01128-3,True,hybrid,44,https://doi.org/10.1007/s43452-025-01128-3,https://doi.org/10.1007/s43452-025-01128-3,https://link.springer.com/content/pdf/10.1007/s43452-025-01128-3.pdf,no,
2025,Assessing the Impact of Rice Husk Ash on Soil Strength in Subgrade Layers: A Novel Approach to Sustainable Ground Engineering,10.3390/su17125457,True,gold,7,https://doi.org/10.3390/su17125457,https://doi.org/10.3390/su17125457,https://www.mdpi.com/2071-1050/17/12/5457/pdf?version=1749809952,no,
2025,Eco-Friendly concrete innovations: The role of marble powder and rice husk ash in achieving sustainable construction practices,10.59018/012516,True,bronze,1,https://doi.org/10.59018/012516,https://doi.org/10.59018/012516,http://www.arpnjournals.org/jeas/research_papers/rp_2025/jeas_0125_9547.pdf,yes,2025/06_Eco-Friendly_concrete_innovations_The_role_of_marble_powder_and_rice_husk_ash_in_achieving_sustainable_construction_prac.pdf
2025,Sustainable cement and concrete technologies: a review of materials and processes for carbon reduction,10.1007/s41062-025-02213-5,True,hybrid,34,https://doi.org/10.1007/s41062-025-02213-5,https://doi.org/10.1007/s41062-025-02213-5,https://link.springer.com/content/pdf/10.1007/s41062-025-02213-5.pdf,no,
2025,"Chloride transport, binding, and microstructure in alkali-activated concrete with different types of precursor combinations",10.1016/j.cemconres.2025.108002,True,hybrid,6,https://doi.org/10.1016/j.cemconres.2025.108002,https://doi.org/10.1016/j.cemconres.2025.108002,,no,
2025,Engineering performance and environmental assessment of sustainable concrete incorporating nano silica and metakaolin as cementitious materials,10.1038/s41598-025-85358-8,True,gold,44,https://doi.org/10.1038/s41598-025-85358-8,https://doi.org/10.1038/s41598-025-85358-8,https://www.nature.com/articles/s41598-025-85358-8.pdf,no,
2025,Flexural Behavior of Lightweight Sandwich Panels with Rice Husk Bio-Aggregate Concrete Core and Sisal Fiber-Reinforced Foamed Cementitious Faces,10.3390/ma18081850,True,gold,4,https://doi.org/10.3390/ma18081850,https://doi.org/10.3390/ma18081850,https://www.mdpi.com/1996-1944/18/8/1850/pdf?version=1744898522,no,
2025,"E-waste in concrete construction: recycling, applications, and impact on mechanical, durability, and thermal properties—a review",10.1007/s41062-025-02038-2,True,hybrid,48,https://doi.org/10.1007/s41062-025-02038-2,https://doi.org/10.1007/s41062-025-02038-2,https://link.springer.com/content/pdf/10.1007/s41062-025-02038-2.pdf,no,
2025,Geopolymer concrete as a sustainable alternative to OPC,10.1007/s43995-025-00155-8,True,green,22,https://doi.org/10.1007/s43995-025-00155-8,https://doi.org/10.1007/s43995-025-00155-8,https://link.springer.com/content/pdf/10.1007/s43995-025-00155-8.pdf,no,
2025,Effect of high temperature on the residual capacity of RC columns comprising rice husk ash as supplementary cementitious materials,10.1016/j.conbuildmat.2025.142126,False,closed,2,https://doi.org/10.1016/j.conbuildmat.2025.142126,https://doi.org/10.1016/j.conbuildmat.2025.142126,,no,
2025,Physical and Mechanical Performance of Mortar with Rice Husk Ash and Sugarcane Bagasse Ash as Partial Cement Replacement,10.3390/ma18204758,True,gold,6,https://doi.org/10.3390/ma18204758,https://doi.org/10.3390/ma18204758,https://www.mdpi.com/1996-1944/18/20/4758/pdf?version=1760691837,no,
2025,Thermal and mechanical performance of geopolymer concrete with recycled aggregate and copper slag as fine aggregate,10.1038/s41598-025-15153-y,True,gold,27,https://doi.org/10.1038/s41598-025-15153-y,https://doi.org/10.1038/s41598-025-15153-y,https://www.nature.com/articles/s41598-025-15153-y.pdf,no,
2025,"Performance Evaluation of Stabilized Soils with Selected Common Waste Materials of Rice Husk Ash, Steel Slag and Iron Tailing Powder",10.3390/ma18020346,True,gold,7,https://doi.org/10.3390/ma18020346,https://doi.org/10.3390/ma18020346,https://www.mdpi.com/1996-1944/18/2/346/pdf?version=1736851338,no,
2025,"Experimental investigation on fresh, hardened and durability characteristics of partially replaced E-waste plastic concrete: A sustainable concept with machine learning approaches",10.1016/j.heliyon.2025.e41924,True,gold,19,https://doi.org/10.1016/j.heliyon.2025.e41924,https://doi.org/10.1016/j.heliyon.2025.e41924,https://pmc.ncbi.nlm.nih.gov/articles/PMC11783426/pdf/main.pdf,no,
2025,Experimental study on pore structure and dynamic mechanical properties of modified rubber concrete after freeze-thaw cycle,10.1038/s41598-025-88929-x,True,gold,10,https://doi.org/10.1038/s41598-025-88929-x,https://doi.org/10.1038/s41598-025-88929-x,https://www.nature.com/articles/s41598-025-88929-x.pdf,no,
2025,Mechanical properties of geopolymer concrete with partial replacement of fly ash by agricultural waste ashes,10.1007/s44290-025-00272-2,True,diamond,18,https://doi.org/10.1007/s44290-025-00272-2,https://doi.org/10.1007/s44290-025-00272-2,https://link.springer.com/content/pdf/10.1007/s44290-025-00272-2.pdf,no,
2025,"Mechanical, microstructural, and durability performance of fly ash-GGBS geopolymer concrete incorporating rice husk ash and silica fume",10.1007/s42247-025-01242-1,False,closed,1,https://doi.org/10.1007/s42247-025-01242-1,https://doi.org/10.1007/s42247-025-01242-1,,no,
2025,Optimizing high-strength concrete compressive strength with explainable machine learning,10.1007/s41939-025-00737-y,True,hybrid,24,https://doi.org/10.1007/s41939-025-00737-y,https://doi.org/10.1007/s41939-025-00737-y,https://link.springer.com/content/pdf/10.1007/s41939-025-00737-y.pdf,no,
2025,Concrete compressive strength classification using hybrid machine learning models and interactive GUI,10.1007/s41062-025-01983-2,True,hybrid,30,https://doi.org/10.1007/s41062-025-01983-2,https://doi.org/10.1007/s41062-025-01983-2,https://link.springer.com/content/pdf/10.1007/s41062-025-01983-2.pdf,no,
2025,Shear performance evaluation of sustainable concrete beams containing rice husk ash and carbon nanotubes as cement replacement,10.1371/journal.pone.0320325,True,gold,1,https://doi.org/10.1371/journal.pone.0320325,https://doi.org/10.1371/journal.pone.0320325,,no,
2025,Stimulation of calcium (Sodium)-alumina-silicate-hydrate (C(N)-A-S-H) gel by nano-alumina in the cleaner production of agro-based alkali-activated concrete,10.1016/j.scp.2025.102100,False,closed,7,https://doi.org/10.1016/j.scp.2025.102100,https://doi.org/10.1016/j.scp.2025.102100,,no,
2025,Assessment of compressive strength of eco-concrete reinforced using machine learning tools,10.1038/s41598-025-89530-y,True,gold,28,https://doi.org/10.1038/s41598-025-89530-y,https://doi.org/10.1038/s41598-025-89530-y,https://www.nature.com/articles/s41598-025-89530-y.pdf,no,
2025,"Optimizing concrete mix proportions with zeolite, GGBS, and CDW: a data-driven approach integrating experimental analysis and machine learning models",10.1088/2631-8695/ada51c,True,hybrid,16,https://doi.org/10.1088/2631-8695/ada51c,https://doi.org/10.1088/2631-8695/ada51c,https://iopscience.iop.org/article/10.1088/2631-8695/ada51c/pdf,no,
2025,A comprehensive assessment of ceramic wastes in ultra-high-performance concrete,10.1007/s41062-024-01806-w,True,hybrid,20,https://doi.org/10.1007/s41062-024-01806-w,https://doi.org/10.1007/s41062-024-01806-w,https://link.springer.com/content/pdf/10.1007/s41062-024-01806-w.pdf,no,
2025,A convolutional neural network-based deep learning approach for predicting surface chloride concentration of concrete in marine tidal zones,10.1038/s41598-025-12035-1,True,gold,35,https://doi.org/10.1038/s41598-025-12035-1,https://doi.org/10.1038/s41598-025-12035-1,https://www.nature.com/articles/s41598-025-12035-1.pdf,no,
2025,Study of biochar in cementitious materials for developing green concrete composites,10.1038/s41598-025-07210-3,True,gold,11,https://doi.org/10.1038/s41598-025-07210-3,https://doi.org/10.1038/s41598-025-07210-3,https://www.nature.com/articles/s41598-025-07210-3.pdf,no,
2025,Influence of Rice Husk Ash on Crystalline Phases and Mechanical Characteristics of Sustainable Bricks,10.1590/kvmq4623,True,diamond,3,https://doi.org/10.1590/kvmq4623,https://doi.org/10.1590/kvmq4623,https://www.scielo.br/j/ce/a/7xkv9nQxywrjxScjShxCqML/?lang=en&format=pdf,yes,2025/07_Influence_of_Rice_Husk_Ash_on_Crystalline_Phases_and_Mechanical_Characteristics_of_Sustainable_Bricks.pdf
2025,"Valorization of nano additives effects on the physical, mechanical and radiation shielding properties of high strength concrete",10.1038/s41598-025-99126-1,True,gold,32,https://doi.org/10.1038/s41598-025-99126-1,https://doi.org/10.1038/s41598-025-99126-1,https://www.nature.com/articles/s41598-025-99126-1.pdf,no,
2025,Utilization of agricultural waste-based fillers from rice husk ash and bagasse ash in asphalt concrete-binder course (AC-BC) pavement,10.1051/e3sconf/202567706008,True,diamond,1,https://doi.org/10.1051/e3sconf/202567706008,https://doi.org/10.1051/e3sconf/202567706008,https://www.e3s-conferences.org/articles/e3sconf/pdf/2025/77/e3sconf_icdmm2025_06008.pdf,yes,2025/08_Utilization_of_agricultural_waste-based_fillers_from_rice_husk_ash_and_bagasse_ash_in_asphalt_concrete-binder_course_AC-.pdf
2025,"Strength, Durability, and Microstructural Characteristics of Binary Concrete Mixes Developed with Ultrafine Rice Husk Ash as Partial Substitution of Binder",10.13189/cea.2025.130137,True,diamond,2,https://doi.org/10.13189/cea.2025.130137,https://doi.org/10.13189/cea.2025.130137,http://www.hrpub.org/download/20241230/CEA37-14839317.pdf,no,
2025,"Optimizing rice husk ash for ultra-high-performance concrete: a comprehensive review of mechanical properties, durability, and environmental benefits",10.1515/rams-2025-0146,True,gold,2,https://doi.org/10.1515/rams-2025-0146,https://doi.org/10.1515/rams-2025-0146,https://www.degruyterbrill.com/document/doi/10.1515/rams-2025-0146/pdf,no,
2025,Eco-friendly synthesis of Carbon Quantum Dots from rice husk and their potential applications in dicot plants,10.54905/disssi.v22i57.e1ije1687,True,hybrid,4,https://doi.org/10.54905/disssi.v22i57.e1ije1687,https://doi.org/10.54905/disssi.v22i57.e1ije1687,https://discoveryjournals.org/engineering/current_issue/2025/v22/n57/e1ije1687.pdf#zoom=125,yes,2025/09_Eco-friendly_synthesis_of_Carbon_Quantum_Dots_from_rice_husk_and_their_potential_applications_in_dicot_plants.pdf
2025,Sustainable Strategy to Reduce Winter Energy Consumption: Incorporating PCM Aggregates and Rice Husk Ash–Fly Ash Matrix into Concrete,10.3390/buildings15122086,True,gold,2,https://doi.org/10.3390/buildings15122086,https://doi.org/10.3390/buildings15122086,https://www.mdpi.com/2075-5309/15/12/2086/pdf?version=1750155571,no,
2025,Optimizing Agricultural Waste By-Products: A Machine Learning Approach for Sustainable Construction Practices,10.1007/s43615-024-00483-2,False,closed,9,https://doi.org/10.1007/s43615-024-00483-2,https://doi.org/10.1007/s43615-024-00483-2,,no,
2025,Co-Pelletization of Rice Husk and Corncob Residues: Evaluation of Physicochemical Properties and Combustion Performance,10.3390/recycling10050173,True,gold,3,https://doi.org/10.3390/recycling10050173,https://doi.org/10.3390/recycling10050173,https://www.mdpi.com/2313-4321/10/5/173/pdf?version=1757499023,no,
2025,Characterization and Energy Performance of Rice Husk Fiber Insulation Applied by the Blowing Technique in an Industrialized Modular Housing System,10.3390/app15094602,True,gold,4,https://doi.org/10.3390/app15094602,https://doi.org/10.3390/app15094602,https://www.mdpi.com/2076-3417/15/9/4602/pdf?version=1745304496,no,
2025,Combined effect of rice husk ash and animal bone powder on strength and permeability of concrete,10.20528/cjsmec.2025.01.001,True,diamond,1,https://doi.org/10.20528/cjsmec.2025.01.001,https://doi.org/10.20528/cjsmec.2025.01.001,https://www.challengejournal.com/index.php/cjsmec/article/download/842/582,yes,2025/10_Combined_effect_of_rice_husk_ash_and_animal_bone_powder_on_strength_and_permeability_of_concrete.pdf
2025,Optimization-based multitarget stacked machine-learning model for estimating mechanical properties of conventional and fiber-reinforced preplaced aggregate concrete,10.1007/s43452-025-01236-0,True,hybrid,25,https://doi.org/10.1007/s43452-025-01236-0,https://doi.org/10.1007/s43452-025-01236-0,https://link.springer.com/content/pdf/10.1007/s43452-025-01236-0.pdf,no,
2025,Blended Use of Corn Cob and Rice Husk Ashes in Sustainable Mortar Production,10.60093/jiciviltech.1789979,True,bronze,2,https://doi.org/10.60093/jiciviltech.1789979,https://doi.org/10.60093/jiciviltech.1789979,https://dergipark.org.tr/en/download/article-file/5269023,yes,2025/11_Blended_Use_of_Corn_Cob_and_Rice_Husk_Ashes_in_Sustainable_Mortar_Production.pdf
2025,Optimization Using Central Composite Design of the Response Surface Methodology for the Compressive Strength of Alkali-Activated Material from Rice Husk Ash,10.3390/constrmater5010005,True,diamond,4,https://doi.org/10.3390/constrmater5010005,https://doi.org/10.3390/constrmater5010005,https://www.mdpi.com/2673-7108/5/1/5/pdf?version=1737634294,no,
2025,Investigating the Mechanical and Durability Properties of Carbonated Recycled Aggregate Concrete and Its Performance with SCMs,10.3390/buildings15020201,True,gold,22,https://doi.org/10.3390/buildings15020201,https://doi.org/10.3390/buildings15020201,https://www.mdpi.com/2075-5309/15/2/201/pdf?version=1736588504,no,
2025,Optimizing concrete sustainability with bagasse ash and stone dust and its impact on mechanical properties and durability,10.1038/s41598-025-85363-x,True,gold,18,https://doi.org/10.1038/s41598-025-85363-x,https://doi.org/10.1038/s41598-025-85363-x,https://www.nature.com/articles/s41598-025-85363-x.pdf,no,
2025,Forecasting compressive strength of concrete containing rice husk ash using various machine learning algorithms,10.1038/s41598-025-23839-6,True,gold,1,https://doi.org/10.1038/s41598-025-23839-6,https://doi.org/10.1038/s41598-025-23839-6,https://www.nature.com/articles/s41598-025-23839-6.pdf,no,
2025,Experimental and machine learning-based analysis of red mud influence on recycled aggregate concrete properties,10.1038/s41598-025-21004-7,True,gold,7,https://doi.org/10.1038/s41598-025-21004-7,https://doi.org/10.1038/s41598-025-21004-7,https://www.nature.com/articles/s41598-025-21004-7.pdf,no,
2025,Experimental investigation on partial cement replacement with binary blended bagasse ash and calcined dolomite for enhanced C-25 grade concrete performance,10.1038/s41598-025-98019-7,True,gold,7,https://doi.org/10.1038/s41598-025-98019-7,https://doi.org/10.1038/s41598-025-98019-7,https://www.nature.com/articles/s41598-025-98019-7.pdf,no,
2025,Advanced and hybrid machine learning techniques for predicting compressive strength in palm oil fuel ash-modified concrete with SHAP analysis,10.1038/s41598-025-89263-y,True,gold,22,https://doi.org/10.1038/s41598-025-89263-y,https://doi.org/10.1038/s41598-025-89263-y,https://www.nature.com/articles/s41598-025-89263-y.pdf,no,
2025,Hybrid Pervious Concrete Incorporating Micro Rice Husk Ash for Improved Mechanical Properties and Ecological Benefits,10.31272/mjmes.v1i1.7,True,hybrid,1,https://doi.org/10.31272/mjmes.v1i1.7,https://doi.org/10.31272/mjmes.v1i1.7,https://mjmes.uomustansiriyah.edu.iq/index.php/mjmes/article/download/7/4,yes,2025/12_Hybrid_Pervious_Concrete_Incorporating_Micro_Rice_Husk_Ash_for_Improved_Mechanical_Properties_and_Ecological_Benefits.pdf
2025,Predicting the mechanical performance of industrial waste incorporated sustainable concrete using hybrid machine learning modeling and parametric analyses,10.1038/s41598-025-11601-x,True,gold,21,https://doi.org/10.1038/s41598-025-11601-x,https://doi.org/10.1038/s41598-025-11601-x,https://www.nature.com/articles/s41598-025-11601-x.pdf,no,
2025,Improvement of Concrete Characterization Using Nanomaterials: State‐of‐the‐Art,10.1155/je/8027667,True,gold,13,https://doi.org/10.1155/je/8027667,https://doi.org/10.1155/je/8027667,https://onlinelibrary.wiley.com/doi/pdfdirect/10.1155/je/8027667,no,
2025,"Assessing the impact of pozzolanic materials on the mechanical characteristics of UHPC: analysis, and modeling study",10.1007/s44290-025-00231-x,True,diamond,15,https://doi.org/10.1007/s44290-025-00231-x,https://doi.org/10.1007/s44290-025-00231-x,https://link.springer.com/content/pdf/10.1007/s44290-025-00231-x.pdf,no,
2024,Mechanical properties of rice husk ash and glass powder concrete: Experimental and mesoscopic studies,10.1016/j.jobe.2024.110278,False,closed,24,https://doi.org/10.1016/j.jobe.2024.110278,https://doi.org/10.1016/j.jobe.2024.110278,,no,
2024,Estimating compressive strength of concrete containing rice husk ash using interpretable machine learning-based models,10.1016/j.cscm.2024.e02901,True,gold,74,https://doi.org/10.1016/j.cscm.2024.e02901,https://doi.org/10.1016/j.cscm.2024.e02901,,no,
2024,Mechanical performance of fiber-reinforced concrete incorporating rice husk ash and recycled aggregates,10.1007/s41024-024-00500-9,False,closed,23,https://doi.org/10.1007/s41024-024-00500-9,https://doi.org/10.1007/s41024-024-00500-9,,no,
2024,Shear behavior of reinforced concrete beams comprising a combination of crumb rubber and rice husk ash,10.1016/j.engstruct.2024.118862,False,closed,23,https://doi.org/10.1016/j.engstruct.2024.118862,https://doi.org/10.1016/j.engstruct.2024.118862,,no,
2024,Influence of waste glass and rice husk ash on the dynamic compressive properties and variable-angle shear characteristics of concrete after high-temperature treatment: Experimental and numerical study,10.1016/j.istruc.2024.107419,False,closed,6,https://doi.org/10.1016/j.istruc.2024.107419,https://doi.org/10.1016/j.istruc.2024.107419,,no,
2024,Experimental Study on Concrete Incorporating Partial Replacement of Aggregates with Coconut Shell and Cement with Rice Husk Ash,10.22214/ijraset.2024.63376,True,diamond,2,https://doi.org/10.22214/ijraset.2024.63376,https://doi.org/10.22214/ijraset.2024.63376,https://doi.org/10.22214/ijraset.2024.63376,yes,2024/01_Experimental_Study_on_Concrete_Incorporating_Partial_Replacement_of_Aggregates_with_Coconut_Shell_and_Cement_with_Rice_H.pdf
2024,Effect of rice husk ash on mechanical properties of rubber doped geopolymer recycled concrete,10.1016/j.cscm.2024.e03406,True,gold,13,https://doi.org/10.1016/j.cscm.2024.e03406,https://doi.org/10.1016/j.cscm.2024.e03406,,no,
2024,"A Comparative Study on Rice Husk, as Agricultural Waste, in the Production of Silica Nanoparticles via Different Methods",10.3390/ma17061271,True,gold,37,https://doi.org/10.3390/ma17061271,https://doi.org/10.3390/ma17061271,https://www.mdpi.com/1996-1944/17/6/1271/pdf?version=1709976735,no,
2024,A Comprehensive Performance Evaluation of GGBS-Based Geopolymer Concrete Activated by a Rice Husk Ash-Synthesised Sodium Silicate Solution and Sodium Hydroxide,10.3390/recycling9020023,True,gold,33,https://doi.org/10.3390/recycling9020023,https://doi.org/10.3390/recycling9020023,https://www.mdpi.com/2313-4321/9/2/23/pdf?version=1710414905,no,
2024,Innovative approaches to sustainable construction: a detailed study of rice husk ash as an eco-friendly substitute in cement production,10.1007/s42452-024-06314-1,True,diamond,31,https://doi.org/10.1007/s42452-024-06314-1,https://doi.org/10.1007/s42452-024-06314-1,https://link.springer.com/content/pdf/10.1007/s42452-024-06314-1.pdf,no,
2024,"Experimental study on sustainable cement concrete paver blocks incorporating coconut shell aggregate, quarry dust, silica fume and rice husk ash.",10.1088/1742-6596/2779/1/012008,True,diamond,2,https://doi.org/10.1088/1742-6596/2779/1/012008,https://doi.org/10.1088/1742-6596/2779/1/012008,,no,
2024,Effects of silica fume and rice husk ash contents on engineering properties and high-temperature resistance of slag-based prepacked geopolymers,10.1016/j.jobe.2024.109746,False,closed,30,https://doi.org/10.1016/j.jobe.2024.109746,https://doi.org/10.1016/j.jobe.2024.109746,,no,
2024,Cellulose nanocrystals extracted from rice husk using the formic/peroxyformic acid process: isolation and structural characterization,10.1039/d3ra06724f,True,gold,48,https://doi.org/10.1039/d3ra06724f,https://doi.org/10.1039/d3ra06724f,https://pubs.rsc.org/en/content/articlepdf/2024/ra/d3ra06724f,yes,2024/02_Cellulose_nanocrystals_extracted_from_rice_husk_using_the_formicperoxyformic_acid_process_isolation_and_structural_chara.pdf
2024,Rice Husk with PLA: 3D Filament Making and Additive Manufacturing of Samples for Potential Structural Applications,10.3390/polym16020245,True,gold,37,https://doi.org/10.3390/polym16020245,https://doi.org/10.3390/polym16020245,https://www.mdpi.com/2073-4360/16/2/245/pdf?version=1705320046,no,
2024,"Mechanical properties, permeability and microstructural characterisation of rice husk ash sustainable concrete with the addition of carbon nanotubes",10.1016/j.heliyon.2024.e32780,True,gold,19,https://doi.org/10.1016/j.heliyon.2024.e32780,https://doi.org/10.1016/j.heliyon.2024.e32780,http://www.cell.com/article/S240584402408811X/pdf,no,
2024,Durability of Ternary Blended Concrete Incorporating Rice Husk Ash and Calcined Clay,10.3390/buildings14051201,True,gold,16,https://doi.org/10.3390/buildings14051201,https://doi.org/10.3390/buildings14051201,https://www.mdpi.com/2075-5309/14/5/1201/pdf?version=1713943949,no,
2024,Properties of ultra lightweight foamed concrete utilizing agro waste ashes as an alkaline activated material,10.1016/j.jobe.2024.109347,False,closed,37,https://doi.org/10.1016/j.jobe.2024.109347,https://doi.org/10.1016/j.jobe.2024.109347,,no,
2024,"Enhancing Concrete Durability and Strength with Fly Ash, Steel Slag, and Rice Husk Ash for Marine Environments",10.3390/ma17123001,True,gold,17,https://doi.org/10.3390/ma17123001,https://doi.org/10.3390/ma17123001,https://www.mdpi.com/1996-1944/17/12/3001/pdf?version=1718787966,no,
2024,Effect Of Quarry Dust On Mechanical Properties Of Rice Husk Ash-Based Concrete For Sustainable Environment,10.58915/ijneam.v17i2.683,True,diamond,6,https://doi.org/10.58915/ijneam.v17i2.683,https://doi.org/10.58915/ijneam.v17i2.683,https://ejournal.unimap.edu.my/index.php/ijneam/article/download/683/438,yes,2024/03_Effect_Of_Quarry_Dust_On_Mechanical_Properties_Of_Rice_Husk_Ash-Based_Concrete_For_Sustainable_Environment.pdf
2024,Machine learning and interactive GUI for concrete compressive strength prediction,10.1038/s41598-024-66957-3,True,gold,102,https://doi.org/10.1038/s41598-024-66957-3,https://doi.org/10.1038/s41598-024-66957-3,https://pmc.ncbi.nlm.nih.gov/articles/PMC11271522/pdf/41598_2024_Article_66957.pdf,no,
2024,Performance of self-compacting concrete with treated rice husk ash at different curing temperatures,10.1016/j.jobe.2024.110652,True,hybrid,13,https://doi.org/10.1016/j.jobe.2024.110652,https://doi.org/10.1016/j.jobe.2024.110652,https://orca.cardiff.ac.uk/id/eprint/172125/1/1-s2.0-S2352710224022204-main.pdf,no,
2024,Enhancing the durability of sustainable concrete: a study on ternary blended agro-waste ash incorporating rice husk ash and sugarcane bagasse ash,10.1007/s10098-024-02977-x,False,closed,8,https://doi.org/10.1007/s10098-024-02977-x,https://doi.org/10.1007/s10098-024-02977-x,,no,
2024,Assessing the effects of supplementary cementitious materials on concrete properties:a review,10.1007/s44290-024-00154-z,True,diamond,70,https://doi.org/10.1007/s44290-024-00154-z,https://doi.org/10.1007/s44290-024-00154-z,https://link.springer.com/content/pdf/10.1007/s44290-024-00154-z.pdf,no,
2024,The Effects of Rice Husk Ash as Bio-Cementitious Material in Concrete,10.3390/constrmater4030034,True,diamond,9,https://doi.org/10.3390/constrmater4030034,https://doi.org/10.3390/constrmater4030034,https://www.mdpi.com/2673-7108/4/3/34/pdf?version=1727100418,no,
2024,Preparation and properties of porous rice husk ash for internal curing of high performance cement pastes,10.1016/j.conbuildmat.2024.137152,False,closed,12,https://doi.org/10.1016/j.conbuildmat.2024.137152,https://doi.org/10.1016/j.conbuildmat.2024.137152,,no,
2024,Polylactide-Based Polymer Composites with Rice Husk Filler,10.3390/jcs8100427,True,gold,16,https://doi.org/10.3390/jcs8100427,https://doi.org/10.3390/jcs8100427,https://www.mdpi.com/2504-477X/8/10/427/pdf?version=1729053600,no,
2024,Rice Husk-Based Insulators: Manufacturing Process and Thermal Potential Assessment,10.3390/ma17112589,True,gold,16,https://doi.org/10.3390/ma17112589,https://doi.org/10.3390/ma17112589,https://www.mdpi.com/1996-1944/17/11/2589/pdf?version=1716885111,no,
2024,Thermal Properties and Drying Shrinkage Performance of Palm Kernel Shell Ash and Rice Husk Ash-Based Geopolymer Concrete,10.3390/ma17061298,True,gold,14,https://doi.org/10.3390/ma17061298,https://doi.org/10.3390/ma17061298,https://www.mdpi.com/1996-1944/17/6/1298/pdf?version=1710164982,no,
2024,Synergistic effect of rice husk ash and ceramic powder on mechanical properties of ultra-high-performance concrete,10.1016/j.istruc.2024.106974,True,hybrid,12,https://doi.org/10.1016/j.istruc.2024.106974,https://doi.org/10.1016/j.istruc.2024.106974,https://espace.curtin.edu.au/bitstream/20.500.11937/96062/2/95827.pdf,no,
2024,Efficacy of nano-silicon extracted from rice husk to modulate the physio-biochemical constituents of wheat for ameliorating drought tolerance without causing cytotoxicity,10.1186/s43088-024-00529-2,True,diamond,37,https://doi.org/10.1186/s43088-024-00529-2,https://doi.org/10.1186/s43088-024-00529-2,https://bjbas.springeropen.com/counter/pdf/10.1186/s43088-024-00529-2,no,
2024,Machine Learning Modeling Integrating Experimental Analysis for Predicting Compressive Strength of Concrete Containing Different Industrial Byproducts,10.1155/2024/7844854,True,gold,16,https://doi.org/10.1155/2024/7844854,https://doi.org/10.1155/2024/7844854,https://downloads.hindawi.com/journals/ace/2024/7844854.pdf,no,
2024,Production and Characterization of Silica from Rice Husk: An Updated Review,10.9734/ajocs/2024/v14i2296,True,diamond,15,https://doi.org/10.9734/ajocs/2024/v14i2296,https://doi.org/10.9734/ajocs/2024/v14i2296,https://journalajocs.com/index.php/AJOCS/article/download/296/592,no,
2024,"Radon, Concrete, Buildings and Human Health—A Review Study",10.3390/buildings14020510,True,gold,49,https://doi.org/10.3390/buildings14020510,https://doi.org/10.3390/buildings14020510,https://www.mdpi.com/2075-5309/14/2/510/pdf?version=1707816980,no,
2024,Effect of Rice Husk Ash on the Properties and Performance of Geopolymer Concrete,10.14445/23488352/ijce-v11i11p102,True,hybrid,4,https://doi.org/10.14445/23488352/ijce-v11i11p102,https://doi.org/10.14445/23488352/ijce-v11i11p102,https://www.internationaljournalssrg.org/../IJCE/2024/Volume11-Issue11/IJCE-V11I11P102.pdf,yes,2024/04_Effect_of_Rice_Husk_Ash_on_the_Properties_and_Performance_of_Geopolymer_Concrete.pdf
2024,Synergistic Freeze-Resistant Strategy of Multi-Stage PCM Concrete Incorporated with Rice Husk Ash and Fly Ash,10.3390/buildings14092604,True,gold,5,https://doi.org/10.3390/buildings14092604,https://doi.org/10.3390/buildings14092604,https://www.mdpi.com/2075-5309/14/9/2604/pdf?version=1724411350,no,
2024,Application of biomineralisation for enhancement of interfacial properties of rice husk ash blended concrete,10.1680/jadcr.23.00190,False,closed,4,https://doi.org/10.1680/jadcr.23.00190,https://doi.org/10.1680/jadcr.23.00190,,no,
2024,Shear Strength and Durability of Expansive Soil Treated with Recycled Gypsum and Rice Husk Ash,10.3390/app14093540,True,gold,16,https://doi.org/10.3390/app14093540,https://doi.org/10.3390/app14093540,https://www.mdpi.com/2076-3417/14/9/3540/pdf?version=1713858598,no,
2024,Experimental Study on Mechanical Characteristics of Stabilized Soil with Rice Husk Carbon and Calcium Lignosulfonate,10.3390/ma17215201,True,gold,7,https://doi.org/10.3390/ma17215201,https://doi.org/10.3390/ma17215201,https://pmc.ncbi.nlm.nih.gov/articles/PMC11546932/pdf/materials-17-05201.pdf,no,
2024,An experimental investigation on the mechanical characteristics of Steel Fibre Reinforced Alkali Activated Concrete incorporating industrial and agro wastes,10.1007/s41062-024-01457-x,False,closed,9,https://doi.org/10.1007/s41062-024-01457-x,https://doi.org/10.1007/s41062-024-01457-x,,no,
2024,High-Strength Self-Compacting Concrete Production Incorporating Supplementary Cementitious Materials: Experimental Evaluations and Machine Learning Modelling,10.1186/s40069-024-00707-7,True,gold,43,https://doi.org/10.1186/s40069-024-00707-7,https://doi.org/10.1186/s40069-024-00707-7,https://link.springer.com/content/pdf/10.1186/s40069-024-00707-7.pdf,no,
2024,Production of Graphene Membranes from Rice Husk Biomass Waste for Improved Desalination,10.3390/nano14020224,True,gold,13,https://doi.org/10.3390/nano14020224,https://doi.org/10.3390/nano14020224,https://www.mdpi.com/2079-4991/14/2/224/pdf?version=1705676013,no,
2024,Evaluation of Fresh and Hardened Properties of Concrete made with Rice Husk Ash admixed with Snail Shell Ash,10.48084/etasr.8673,True,gold,3,https://doi.org/10.48084/etasr.8673,https://doi.org/10.48084/etasr.8673,https://etasr.com/index.php/ETASR/article/download/8673/4161,no,
2024,Shear strength of soil by using rice husk ash waste for sustainable ground improvement,10.1007/s43621-024-00238-x,True,gold,11,https://doi.org/10.1007/s43621-024-00238-x,https://doi.org/10.1007/s43621-024-00238-x,https://link.springer.com/content/pdf/10.1007/s43621-024-00238-x.pdf,no,
2024,The Role and Mechanism of Rice Husk Ash Particle Characteristics in Cement Hydration Process,10.3390/ma17225594,True,gold,11,https://doi.org/10.3390/ma17225594,https://doi.org/10.3390/ma17225594,https://www.mdpi.com/1996-1944/17/22/5594/pdf?version=1731673393,no,
2024,Life cycle analysis and economic evaluation of cement and concrete mixes with rice husk ash: application to the Colombian context,10.3989/mc.2024.350723,True,diamond,7,https://doi.org/10.3989/mc.2024.350723,https://doi.org/10.3989/mc.2024.350723,https://materconstrucc.revistas.csic.es/index.php/materconstrucc/article/download/3507/4302,no,
2024,A comprehensive study on the impact of human hair fiber and millet husk ash on concrete properties: response surface modeling and optimization,10.1038/s41598-024-63050-7,True,gold,13,https://doi.org/10.1038/s41598-024-63050-7,https://doi.org/10.1038/s41598-024-63050-7,https://www.nature.com/articles/s41598-024-63050-7.pdf,no,
2024,Composite Building Materials Prepared from Bioresources: Use of Rice Husk for Autoclaved Lightweight Concrete Production,10.3390/jcs8090359,True,gold,6,https://doi.org/10.3390/jcs8090359,https://doi.org/10.3390/jcs8090359,https://www.mdpi.com/2504-477X/8/9/359/pdf?version=1726219629,no,
2024,Durability Evaluation of GGBS-RHA-Based Geopolymer Concrete Along with Lightweight Expanded Clay Aggregate Using SEM Images and EDAX Analysis,10.3390/buildings14113355,True,gold,21,https://doi.org/10.3390/buildings14113355,https://doi.org/10.3390/buildings14113355,https://www.mdpi.com/2075-5309/14/11/3355/pdf?version=1729690169,no,
2024,Synergistic effects of limestone powder and unground rice husk ash additions on performances of slag-cement based self-compacting concrete,10.1617/s11527-024-02359-1,False,closed,4,https://doi.org/10.1617/s11527-024-02359-1,https://doi.org/10.1617/s11527-024-02359-1,,no,
2024,A Review: Construction and Demolition Waste as a Novel Source for CO2 Reduction in Portland Cement Production for Concrete,10.3390/su16020585,True,gold,71,https://doi.org/10.3390/su16020585,https://doi.org/10.3390/su16020585,https://www.mdpi.com/2071-1050/16/2/585/pdf?version=1704815207,no,
2024,Prediction of mechanical properties of high‐performance concrete and ultrahigh‐performance concrete using soft computing techniques: <scp>A</scp> critical review,10.1002/suco.202400188,True,bronze,44,https://doi.org/10.1002/suco.202400188,https://doi.org/10.1002/suco.202400188,https://onlinelibrary.wiley.com/doi/pdfdirect/10.1002/suco.202400188,no,
2024,Estimating Rice Husk Ash Concrete Compressive Strength Using Hybrid Machine Learning Methodology,10.30919/es1111,True,bronze,5,https://doi.org/10.30919/es1111,https://doi.org/10.30919/es1111,https://www.espublisher.com/uploads/article_pdf/es1111.pdf,no,
2024,Ensemble machine learning models for predicting the CO2 footprint of GGBFS-based geopolymer concrete,10.1016/j.jclepro.2024.143463,True,hybrid,62,https://doi.org/10.1016/j.jclepro.2024.143463,https://doi.org/10.1016/j.jclepro.2024.143463,https://ars.els-cdn.com/content/image/1-s2.0-S0959652624029123-fx1_lrg.jpg,no,
2024,Effects of aggregate sizes on the performance of laterized concrete,10.1038/s41598-023-50998-1,True,gold,40,https://doi.org/10.1038/s41598-023-50998-1,https://doi.org/10.1038/s41598-023-50998-1,https://www.nature.com/articles/s41598-023-50998-1.pdf,no,
2024,Rice husk ash based growing media impact on cucumber and melon growth and quality,10.1038/s41598-024-55622-4,True,gold,9,https://doi.org/10.1038/s41598-024-55622-4,https://doi.org/10.1038/s41598-024-55622-4,https://www.nature.com/articles/s41598-024-55622-4.pdf,no,
2024,Optimization of rice husk ash-based alkali activated composites (AAC) blended with bauxite and GGBS for sustainable building materials,10.1007/s44290-024-00146-z,True,diamond,11,https://doi.org/10.1007/s44290-024-00146-z,https://doi.org/10.1007/s44290-024-00146-z,https://link.springer.com/content/pdf/10.1007/s44290-024-00146-z.pdf,no,
2024,Optimising thermo-mechanical treatments of residual rice husk ash for cement blending,10.1016/j.cscm.2024.e04103,True,gold,7,https://doi.org/10.1016/j.cscm.2024.e04103,https://doi.org/10.1016/j.cscm.2024.e04103,https://orca.cardiff.ac.uk/id/eprint/174707/1/1-s2.0-S2214509524012555-main.pdf,no,
2024,Insulating refractories based on rice husk ashes functionalized by flame-sprayed alumina coatings for steel ingot casting,10.1016/j.jeurceramsoc.2024.04.075,True,hybrid,11,https://doi.org/10.1016/j.jeurceramsoc.2024.04.075,https://doi.org/10.1016/j.jeurceramsoc.2024.04.075,,no,
2024,A study of some relevant properties of concrete incorporating waste ceramic powder as a cement replacement agent,10.1016/j.jobe.2024.109106,True,hybrid,35,https://doi.org/10.1016/j.jobe.2024.109106,https://doi.org/10.1016/j.jobe.2024.109106,https://vuir.vu.edu.au/48632/1/A_study_of_some_relevant_properties_of_concrete_incorporating_waste_ceramic_powder.pdf,yes,2024/05_A_study_of_some_relevant_properties_of_concrete_incorporating_waste_ceramic_powder_as_a_cement_replacement_agent.pdf
2024,Optimization of cassava peel ash concrete using central composite design method,10.1038/s41598-024-58555-0,True,gold,38,https://doi.org/10.1038/s41598-024-58555-0,https://doi.org/10.1038/s41598-024-58555-0,https://www.nature.com/articles/s41598-024-58555-0.pdf,no,
2024,Estimation of compressive strength of waste concrete utilizing fly ash/slag in concrete with interpretable approaches: optimization and graphical user interface (GUI),10.1038/s41598-024-54513-y,True,gold,40,https://doi.org/10.1038/s41598-024-54513-y,https://doi.org/10.1038/s41598-024-54513-y,https://www.nature.com/articles/s41598-024-54513-y.pdf,no,
2024,A Comparative Evaluation of The Mechanical Properties of PET and Polystyrene Modified Asphaltic Concrete Containing Rice Husk Ash Filler.,10.47481/jscmt.1166150,True,diamond,5,https://doi.org/10.47481/jscmt.1166150,https://doi.org/10.47481/jscmt.1166150,https://dergipark.org.tr/tr/pub/jscmt/issue/83796/1166150,no,
2024,Modified rice husk as component in recyclable and biodegradable epoxy thermosets,10.1007/s42452-024-05834-0,True,diamond,6,https://doi.org/10.1007/s42452-024-05834-0,https://doi.org/10.1007/s42452-024-05834-0,https://link.springer.com/content/pdf/10.1007/s42452-024-05834-0.pdf,no,
2024,Experimental studies on the behavior of the fiber reinforced concrete blended with admixtures,10.1063/5.0195391,False,closed,7,https://doi.org/10.1063/5.0195391,https://doi.org/10.1063/5.0195391,,no,
2024,"Technical, economic, and environmental feasibility of rice hull ash from electricity generation as a mineral additive to concrete",10.1038/s41598-024-59615-1,True,gold,13,https://doi.org/10.1038/s41598-024-59615-1,https://doi.org/10.1038/s41598-024-59615-1,https://www.nature.com/articles/s41598-024-59615-1.pdf,no,
2024,Predicting the properties of concrete incorporating graphene nano platelets by experimental and machine learning approaches,10.1016/j.cscm.2024.e03018,True,gold,20,https://doi.org/10.1016/j.cscm.2024.e03018,https://doi.org/10.1016/j.cscm.2024.e03018,https://ars.els-cdn.com/content/image/1-s2.0-S2214509524001694-ga1_lrg.jpg,no,
2024,Impact of Incorporating Rice Husk Ash (RHA) into Recycled Concrete Aggregates (RCA) on the Compressive and Flexural Strength of Concrete,10.1051/e3sconf/202448803007,True,diamond,3,https://doi.org/10.1051/e3sconf/202448803007,https://doi.org/10.1051/e3sconf/202448803007,https://www.e3s-conferences.org/articles/e3sconf/pdf/2024/18/e3sconf_amset2024_03007.pdf,yes,2024/06_Impact_of_Incorporating_Rice_Husk_Ash_RHA_into_Recycled_Concrete_Aggregates_RCA_on_the_Compressive_and_Flexural_Strength.pdf
2024,Modeling the influence of bacteria concentration on the mechanical properties of self-healing concrete (SHC) for sustainable bio-concrete structures,10.1038/s41598-024-58666-8,True,gold,34,https://doi.org/10.1038/s41598-024-58666-8,https://doi.org/10.1038/s41598-024-58666-8,https://www.nature.com/articles/s41598-024-58666-8.pdf,no,
2024,Fly Ash and Rice Husk Ash Utilization to Enlarge Clay Brick Dimension,10.31098/icmrsi.v1i.831,True,hybrid,3,https://doi.org/10.31098/icmrsi.v1i.831,https://doi.org/10.31098/icmrsi.v1i.831,https://proceeding.researchsynergypress.com/index.php/icmrsi/article/download/831/982,yes,2024/07_Fly_Ash_and_Rice_Husk_Ash_Utilization_to_Enlarge_Clay_Brick_Dimension.pdf
2024,Rice Husk as a Sustainable Amendment for Heavy Metal Immobilization in Contaminated Soils: A Pathway to Environmental Remediation,10.3390/toxics12110790,True,gold,8,https://doi.org/10.3390/toxics12110790,https://doi.org/10.3390/toxics12110790,https://www.mdpi.com/2305-6304/12/11/790/pdf?version=1730219573,no,
2024,Fiber reinforced concrete: a state of the art,10.1007/s43939-024-00171-w,True,gold,29,https://doi.org/10.1007/s43939-024-00171-w,https://doi.org/10.1007/s43939-024-00171-w,https://link.springer.com/content/pdf/10.1007/s43939-024-00171-w.pdf,no,
2024,Influence of Rice Husk Ash as a Partial Substitute for Cement on the Microstructure and Mechanical Properties of Concrete,10.13189/cea.2024.120540,True,diamond,3,http://dx.doi.org/10.13189/cea.2024.120540,https://doi.org/10.13189/cea.2024.120540,http://www.hrpub.org/download/20240830/CEA40-14837137.pdf,no,
2024,"Rice Husk, Brewer’s Spent Grain, and Vine Shoot Trimmings as Raw Materials for Sustainable Enzyme Production",10.3390/ma17040935,True,gold,9,https://doi.org/10.3390/ma17040935,https://doi.org/10.3390/ma17040935,https://www.mdpi.com/1996-1944/17/4/935/pdf?version=1708505318,no,
2024,Impact of Alkaline Concentration on the Mechanical Properties of Geopolymer Concrete Made up of Fly Ash and Sugarcane Bagasse Ash,10.3390/su16072841,True,gold,52,https://doi.org/10.3390/su16072841,https://doi.org/10.3390/su16072841,https://www.mdpi.com/2071-1050/16/7/2841/pdf?version=1711639550,no,
2024,Development and performance evaluation of novel sustainable one-part alkali-activated fibrous concrete subjected to drop weight impact loading: An experimental study,10.1016/j.conbuildmat.2024.139754,False,closed,18,https://doi.org/10.1016/j.conbuildmat.2024.139754,https://doi.org/10.1016/j.conbuildmat.2024.139754,,no,
2024,Forecasting the strength of preplaced aggregate concrete using interpretable machine learning approaches,10.1038/s41598-024-57896-0,True,gold,37,https://doi.org/10.1038/s41598-024-57896-0,https://doi.org/10.1038/s41598-024-57896-0,https://www.nature.com/articles/s41598-024-57896-0.pdf,no,
2024,Enhancing shielding efficiency of ordinary and barite concrete in radiation shielding utilizations,10.1038/s41598-024-76402-0,True,gold,40,https://doi.org/10.1038/s41598-024-76402-0,https://doi.org/10.1038/s41598-024-76402-0,https://pmc.ncbi.nlm.nih.gov/articles/PMC11522436/pdf/41598_2024_Article_76402.pdf,no,
2024,Effect of fiber addition on strength and toughness of rubberized concretes,10.1038/s41598-024-54763-w,True,gold,26,https://doi.org/10.1038/s41598-024-54763-w,https://doi.org/10.1038/s41598-024-54763-w,https://www.nature.com/articles/s41598-024-54763-w.pdf,no,
2024,Proposed simplified methodological approach for designing geopolymer concrete mixtures,10.1038/s41598-024-66093-y,True,gold,28,https://doi.org/10.1038/s41598-024-66093-y,https://doi.org/10.1038/s41598-024-66093-y,https://www.nature.com/articles/s41598-024-66093-y.pdf,no,
2024,Binary and Ternary Blended Portland Cements Containing Different Types of Rice Husk Ash,10.3390/ma17122923,True,gold,5,https://doi.org/10.3390/ma17122923,https://doi.org/10.3390/ma17122923,https://www.mdpi.com/1996-1944/17/12/2923/pdf?version=1718372227,no,
2024,Enhancing sustainability in self-compacting concrete by optimizing blended supplementary cementitious materials,10.1038/s41598-024-62499-w,True,gold,33,https://doi.org/10.1038/s41598-024-62499-w,https://doi.org/10.1038/s41598-024-62499-w,https://www.nature.com/articles/s41598-024-62499-w.pdf,no,
2024,Experimental exploration of fracture behavior (pure mode III) in eco-friendly steel fiber-reinforced self-compacting concrete with waste tempered glass as coarse aggregates,10.1038/s41598-024-58912-z,True,gold,28,https://doi.org/10.1038/s41598-024-58912-z,https://doi.org/10.1038/s41598-024-58912-z,https://www.nature.com/articles/s41598-024-58912-z.pdf,no,
2024,Combined Effects of Rice Husk Biochar and Organic Manures on Soil Chemical Properties and Greenhouse Gas Emissions from Two Different Paddy Soils,10.3390/soilsystems8010032,True,gold,11,https://doi.org/10.3390/soilsystems8010032,https://doi.org/10.3390/soilsystems8010032,https://www.mdpi.com/2571-8789/8/1/32/pdf?version=1710060159,no,
2024,Fresh and Hardened Properties of SCC Incorporating Rice Husk Ash and Sugarcane Bagasse Ash,10.1051/e3sconf/202450901002,True,diamond,1,http://dx.doi.org/10.1051/e3sconf/202450901002,https://doi.org/10.1051/e3sconf/202450901002,https://www.e3s-conferences.org/articles/e3sconf/pdf/2024/39/e3sconf_iconn2024_01002.pdf,yes,2024/08_Fresh_and_Hardened_Properties_of_SCC_Incorporating_Rice_Husk_Ash_and_Sugarcane_Bagasse_Ash.pdf
2024,Prediction of compressive strength of nano silica and micro silica from rice husk ash using multivariate regression models,10.1007/s43503-024-00043-5,True,diamond,6,https://doi.org/10.1007/s43503-024-00043-5,https://doi.org/10.1007/s43503-024-00043-5,https://link.springer.com/content/pdf/10.1007/s43503-024-00043-5.pdf,no,
2024,Modelling the mechanical properties of concrete produced with polycarbonate waste ash by machine learning,10.1038/s41598-024-62412-5,True,gold,34,https://doi.org/10.1038/s41598-024-62412-5,https://doi.org/10.1038/s41598-024-62412-5,https://www.nature.com/articles/s41598-024-62412-5.pdf,no,
2024,Analysis of Models to Predict Mechanical Properties of High-Performance and Ultra-High-Performance Concrete Using Machine Learning,10.3390/jcs8080287,True,gold,45,https://doi.org/10.3390/jcs8080287,https://doi.org/10.3390/jcs8080287,https://www.mdpi.com/2504-477X/8/8/287/pdf?version=1721986417,no,
2024,Enhancing high-performance concrete sustainability: integration of waste tire rubber for innovation,10.1038/s41598-024-55485-9,True,gold,31,https://doi.org/10.1038/s41598-024-55485-9,https://doi.org/10.1038/s41598-024-55485-9,https://www.nature.com/articles/s41598-024-55485-9.pdf,no,
2024,"Strength, durability, and economic analysis of GGBS-based geopolymer concrete with silica fume under harsh conditions",10.1038/s41598-024-77801-z,True,gold,41,https://doi.org/10.1038/s41598-024-77801-z,https://doi.org/10.1038/s41598-024-77801-z,https://www.nature.com/articles/s41598-024-77801-z.pdf,no,
2024,Influence of rice husk ash on the mechanical properties of ultra-high strength engineered cementitious composites (UHS-ECC),10.1371/journal.pone.0301927,True,gold,7,https://doi.org/10.1371/journal.pone.0301927,https://doi.org/10.1371/journal.pone.0301927,https://journals.plos.org/plosone/article/file?id=10.1371/journal.pone.0301927&type=printable,yes,2024/09_Influence_of_rice_husk_ash_on_the_mechanical_properties_of_ultra-high_strength_engineered_cementitious_composites_UHS-EC.pdf
2024,Computational prediction of workability and mechanical properties of bentonite plastic concrete using multi-expression programming,10.1038/s41598-024-56088-0,True,gold,30,https://doi.org/10.1038/s41598-024-56088-0,https://doi.org/10.1038/s41598-024-56088-0,https://www.nature.com/articles/s41598-024-56088-0.pdf,no,
2024,Development of lightweight structural concrete with artificial aggregate manufactured from local clay and solid waste materials,10.1016/j.heliyon.2024.e34887,True,gold,24,https://doi.org/10.1016/j.heliyon.2024.e34887,https://doi.org/10.1016/j.heliyon.2024.e34887,http://www.cell.com/article/S2405844024109188/pdf,no,
2024,Optimization of Self-Compacting Concrete Incorporating Granite Dust and Rice Husk Ash Using Response Surface Methodology,10.59568/kjset-2024-3-1-04,True,diamond,3,http://doi.org/10.59568/kjset-2024-3-1-04,https://doi.org/10.59568/kjset-2024-3-1-04,http://dx.doi.org/10.59568/kjset-2024-3-1-04,yes,2024/10_Optimization_of_Self-Compacting_Concrete_Incorporating_Granite_Dust_and_Rice_Husk_Ash_Using_Response_Surface_Methodology.pdf
2024,Development of lightweight aggregates from coffee grounds and rice husk ash,10.1590/1517-7076-rmat-2023-0313,True,diamond,4,https://doi.org/10.1590/1517-7076-rmat-2023-0313,https://doi.org/10.1590/1517-7076-rmat-2023-0313,,no,
2024,Strength And Durability Properties of Sustainable Concrete Utilising Rice Husk Ash and Silica Fume,10.1051/e3sconf/202455904045,True,diamond,2,https://doi.org/10.1051/e3sconf/202455904045,https://doi.org/10.1051/e3sconf/202455904045,https://www.e3s-conferences.org/articles/e3sconf/pdf/2024/89/e3sconf_icstce2024_04045.pdf,yes,2024/11_Strength_And_Durability_Properties_of_Sustainable_Concrete_Utilising_Rice_Husk_Ash_and_Silica_Fume.pdf
2024,An Assessment of the Impact of Locally Recycled Cementitious Replacement Materials on the Strength of the Ultra-High-Performance Concrete,10.3390/app14177484,True,gold,7,https://doi.org/10.3390/app14177484,https://doi.org/10.3390/app14177484,https://www.mdpi.com/2076-3417/14/17/7484/pdf?version=1724471944,no,
2024,Development of a Controlled Low-Strength Material Containing Paraffin–Rice Husk Ash Composite Phase Change Material,10.3390/coatings14091173,True,gold,7,https://doi.org/10.3390/coatings14091173,https://doi.org/10.3390/coatings14091173,https://www.mdpi.com/2079-6412/14/9/1173/pdf,no,
2024,Enhancing the thermal cyclic reliability of salt-based shape-stabilized phase change materials by in-situ SiO2–C interconnectivity in rice husk carbon,10.1016/j.jclepro.2024.142864,True,green,9,https://doi.org/10.1016/j.jclepro.2024.142864,https://doi.org/10.1016/j.jclepro.2024.142864,https://nottingham-repository.worktribe.com/file/36015544/1/Enhancing%20The%20Thermal%20Cyclic%20Reliability%20Of%20Salt-based%20Shape-stabilized%20Phase%20Change%20Materials,no,
2024,Experimental Study on the Properties and Hydration Mechanism of Gypsum-Based Composite Cementitious Materials,10.3390/buildings14020314,True,gold,31,https://doi.org/10.3390/buildings14020314,https://doi.org/10.3390/buildings14020314,https://www.mdpi.com/2075-5309/14/2/314/pdf?version=1706005890,no,
2024,Comparative analysis of various machine learning algorithms to predict strength properties of sustainable green concrete containing waste foundry sand,10.1038/s41598-024-65255-2,True,gold,39,https://doi.org/10.1038/s41598-024-65255-2,https://doi.org/10.1038/s41598-024-65255-2,https://www.nature.com/articles/s41598-024-65255-2.pdf,no,
2023,Experimental study on high performance concrete using rice husk ash,10.1016/j.matpr.2023.11.004,False,closed,10,https://doi.org/10.1016/j.matpr.2023.11.004,https://doi.org/10.1016/j.matpr.2023.11.004,,no,
2023,Mechanical properties of concrete containing glass sand and rice husk ash,10.1016/j.conbuildmat.2023.132053,False,closed,42,https://doi.org/10.1016/j.conbuildmat.2023.132053,https://doi.org/10.1016/j.conbuildmat.2023.132053,,no,
2023,Durability of alkali-activated slag concrete incorporating silica fume and rice husk ash,10.1016/j.jobe.2023.107637,False,closed,59,https://doi.org/10.1016/j.jobe.2023.107637,https://doi.org/10.1016/j.jobe.2023.107637,,no,
2023,Effect of Rice Husk Ash on the Properties of Concrete,10.22214/ijraset.2023.56100,True,diamond,25,https://doi.org/10.22214/ijraset.2023.56100,https://doi.org/10.22214/ijraset.2023.56100,https://doi.org/10.22214/ijraset.2023.56100,yes,2023/01_Effect_of_Rice_Husk_Ash_on_the_Properties_of_Concrete.pdf
2023,An Experimental Study on Concrete with Partial Replacement of Cement By Rice Husk Ash and Bagasse Ash,10.1051/e3sconf/202338703004,True,diamond,5,http://dx.doi.org/10.1051/e3sconf/202338703004,https://doi.org/10.1051/e3sconf/202338703004,https://www.e3s-conferences.org/articles/e3sconf/pdf/2023/24/e3sconf_icseret2023_03004.pdf,yes,2023/02_An_Experimental_Study_on_Concrete_with_Partial_Replacement_of_Cement_By_Rice_Husk_Ash_and_Bagasse_Ash.pdf
2023,"Natural and recycled aggregate concrete containing rice husk ash as replacement of cement: Mechanical properties, microstructure, strength model and statistical analysis",10.1016/j.jobe.2023.105917,False,closed,46,https://doi.org/10.1016/j.jobe.2023.105917,https://doi.org/10.1016/j.jobe.2023.105917,,no,
2023,Synergistic effects of supplementary cementitious materials and compressive strength prediction of concrete using machine learning algorithms with SHAP and PDP analyses,10.1016/j.cscm.2023.e02828,True,gold,113,https://doi.org/10.1016/j.cscm.2023.e02828,https://doi.org/10.1016/j.cscm.2023.e02828,,no,
2023,Optimization of rice husk ash concrete design towards economic and environmental assessment,10.1016/j.eiar.2023.107229,False,closed,24,https://doi.org/10.1016/j.eiar.2023.107229,https://doi.org/10.1016/j.eiar.2023.107229,,no,
2023,Smart materials and technologies for sustainable concrete construction,10.1016/j.dibe.2023.100177,True,gold,351,https://doi.org/10.1016/j.dibe.2023.100177,https://doi.org/10.1016/j.dibe.2023.100177,https://ltu.diva-portal.org/smash/get/diva2:1764968/FULLTEXT01,no,
2023,Strength and micro-structural performance of geopolymer concrete using highly burned rice husk ash,10.1016/j.matpr.2023.04.617,False,closed,21,https://doi.org/10.1016/j.matpr.2023.04.617,https://doi.org/10.1016/j.matpr.2023.04.617,,no,
2023,Effects of rice husk ash on strength and durability performance of slag‐based alkali‐activated concrete,10.1002/suco.202300173,True,bronze,43,https://doi.org/10.1002/suco.202300173,https://doi.org/10.1002/suco.202300173,https://onlinelibrary.wiley.com/doi/pdfdirect/10.1002/suco.202300173,no,
2023,Compression behavior and permeability of concrete composed of glass sand and rice husk ash,10.1016/j.jobe.2023.107095,False,closed,15,https://doi.org/10.1016/j.jobe.2023.107095,https://doi.org/10.1016/j.jobe.2023.107095,,no,
2023,On the utilization of rice husk ash in high-performance fiber reinforced concrete (HPFRC) to reduce silica fume content,10.1016/j.conbuildmat.2023.130576,False,closed,24,https://doi.org/10.1016/j.conbuildmat.2023.130576,https://doi.org/10.1016/j.conbuildmat.2023.130576,,no,
2023,Optimization of partial replacement of cement by silica fume and rice husk ash for sustainable concrete,10.1016/j.matpr.2023.05.598,False,closed,15,https://doi.org/10.1016/j.matpr.2023.05.598,https://doi.org/10.1016/j.matpr.2023.05.598,,no,
2023,Biochar as internal curing material to prepare foamed concrete,10.1016/j.conbuildmat.2023.131030,False,closed,51,https://doi.org/10.1016/j.conbuildmat.2023.131030,https://doi.org/10.1016/j.conbuildmat.2023.131030,,no,
2023,Development of sustainable high performance geopolymer concrete and mortar using agricultural biomass—A strength performance and sustainability analysis,10.3389/fmats.2023.1128095,True,gold,47,https://doi.org/10.3389/fmats.2023.1128095,https://doi.org/10.3389/fmats.2023.1128095,https://www.frontiersin.org/articles/10.3389/fmats.2023.1128095/pdf,yes,2023/03_Development_of_sustainable_high_performance_geopolymer_concrete_and_mortar_using_agricultural_biomassA_strength_performa.pdf
2023,Compressive Strength Prediction of Rice Husk Ash Concrete Using a Hybrid Artificial Neural Network Model,10.3390/ma16083135,True,gold,27,https://doi.org/10.3390/ma16083135,https://doi.org/10.3390/ma16083135,https://www.mdpi.com/1996-1944/16/8/3135/pdf?version=1681629543,no,
2023,Soft computing techniques for predicting the properties of raw rice husk concrete bricks using regression-based machine learning approaches,10.1038/s41598-023-41848-1,True,gold,31,https://doi.org/10.1038/s41598-023-41848-1,https://doi.org/10.1038/s41598-023-41848-1,https://www.nature.com/articles/s41598-023-41848-1.pdf,no,
2023,Experimental Study on the Mechanical Properties and Microstructures of Cenosphere Concrete,10.3390/ma16093518,True,gold,40,https://doi.org/10.3390/ma16093518,https://doi.org/10.3390/ma16093518,https://www.mdpi.com/1996-1944/16/9/3518/pdf?version=1683173707,no,
2023,Effects of cement as a substitute binder on strength and durability of fly ash–rice husk ash geopolymer concrete,10.1002/suco.202200609,False,closed,12,https://doi.org/10.1002/suco.202200609,https://doi.org/10.1002/suco.202200609,,no,
2023,Experimental investigation on partial replacement of cement and coarse aggregate by rice husk ash and steel slag in concrete,10.1016/j.matpr.2023.08.340,False,closed,8,https://doi.org/10.1016/j.matpr.2023.08.340,https://doi.org/10.1016/j.matpr.2023.08.340,,no,
2023,RETRACTED: Experimental study on the properties of ultra-high-strength geopolymer concrete with polypropylene fibers and nano-silica,10.1371/journal.pone.0282435,True,gold,57,https://doi.org/10.1371/journal.pone.0282435,https://doi.org/10.1371/journal.pone.0282435,https://journals.plos.org/plosone/article/file?id=10.1371/journal.pone.0282435&type=printable,yes,2023/04_RETRACTED_Experimental_study_on_the_properties_of_ultra-high-strength_geopolymer_concrete_with_polypropylene_fibers_and_.pdf
2023,"Effect of Agricultural Phragmites, Rice Straw, Rice Husk, and Sugarcane Bagasse Ashes on the Properties and Microstructure of High-Strength Self-Compacted Self-Curing Concrete",10.3390/buildings13092394,True,gold,21,https://doi.org/10.3390/buildings13092394,https://doi.org/10.3390/buildings13092394,https://www.mdpi.com/2075-5309/13/9/2394/pdf?version=1695277897,no,
2023,Optimization of the rice husk ash production process for the manufacture of magnesium silicate hydrate cements,10.1016/j.jclepro.2023.138891,True,green,26,https://doi.org/10.1016/j.jclepro.2023.138891,https://doi.org/10.1016/j.jclepro.2023.138891,,no,
2023,Use of waste glass powder toward more sustainable geopolymer concrete,10.1016/j.jmrt.2023.05.094,True,gold,136,https://doi.org/10.1016/j.jmrt.2023.05.094,https://doi.org/10.1016/j.jmrt.2023.05.094,https://hig.diva-portal.org/smash/get/diva2:1757887/FULLTEXT01,no,
2023,Experimental and Analytical Investigation of Fracture Characteristics of Steel Fiber-Reinforced Recycled Aggregate Concrete,10.1186/s40069-023-00637-w,True,gold,58,https://doi.org/10.1186/s40069-023-00637-w,https://doi.org/10.1186/s40069-023-00637-w,https://ijcsm.springeropen.com/counter/pdf/10.1186/s40069-023-00637-w,no,
2023,Phytochemical and Nutrient Composition of Rice Husks,10.26538/tjnpr/v7i2.24,True,diamond,13,https://doi.org/10.26538/tjnpr/v7i2.24,https://doi.org/10.26538/tjnpr/v7i2.24,https://tjnpr.org/index.php/home/article/download/1678/2549,yes,2023/05_Phytochemical_and_Nutrient_Composition_of_Rice_Husks.pdf
2023,Perlite and Rice Husk Ash Re-Use As Fine Aggregates in Lightweight Aggregate Structural Concrete—Durability Assessment,10.3390/su15054217,True,gold,15,https://doi.org/10.3390/su15054217,https://doi.org/10.3390/su15054217,https://www.mdpi.com/2071-1050/15/5/4217/pdf?version=1677403764,no,
2023,The influence of torrefaction on the biochar characteristics produced from sesame stalks and bean husk,10.1007/s13399-023-03822-9,True,hybrid,67,https://doi.org/10.1007/s13399-023-03822-9,https://doi.org/10.1007/s13399-023-03822-9,https://link.springer.com/content/pdf/10.1007/s13399-023-03822-9.pdf,no,
2023,Investigation of the Physical Mechanical Properties and Durability of Sustainable Ultra-High Performance Concrete with Recycled Waste Glass,10.3390/su15043085,True,gold,144,https://doi.org/10.3390/su15043085,https://doi.org/10.3390/su15043085,https://www.mdpi.com/2071-1050/15/4/3085/pdf?version=1675920905,no,
2023,Experimental Study of the Flexural Behaviour of RC Beams Made of Eco-friendly Sawdust Concrete and Strengthened by a Wooden Plate,10.1186/s40069-023-00617-0,True,gold,47,https://doi.org/10.1186/s40069-023-00617-0,https://doi.org/10.1186/s40069-023-00617-0,https://ijcsm.springeropen.com/counter/pdf/10.1186/s40069-023-00617-0,no,
2023,Influence of Coconut Fiber Waste and Rice Husk Ash on Green Concrete,10.24857/rgsa.v18n3-033,True,hybrid,9,https://doi.org/10.24857/rgsa.v18n3-033,https://doi.org/10.24857/rgsa.v18n3-033,https://rgsa.emnuvens.com.br/rgsa/article/download/4588/1591,no,
2023,Optimization of Concrete Containing Polyethylene Terephthalate Powder and Rice Husk Ash Using Response Surface Methodology,10.1155/2023/6237122,True,gold,6,http://dx.doi.org/10.1155/2023/6237122,https://doi.org/10.1155/2023/6237122,https://downloads.hindawi.com/journals/je/2023/6237122.pdf,no,
2023,Experimental studies on GGBS based geopolymer concrete,10.1016/j.matpr.2023.04.297,False,closed,19,https://doi.org/10.1016/j.matpr.2023.04.297,https://doi.org/10.1016/j.matpr.2023.04.297,,no,
2023,Utilizing rice husk ash as a bio-waste material in geopolymer composites with aluminium oxide,10.30955/gnj.004694,True,hybrid,17,https://doi.org/10.30955/gnj.004694,https://doi.org/10.30955/gnj.004694,https://journal.gnest.org/sites/default/files/Submissions/gnest_04694/gnest_04694_draft.pdf,yes,2023/06_Utilizing_rice_husk_ash_as_a_bio-waste_material_in_geopolymer_composites_with_aluminium_oxide.pdf
2023,Thermal insulation material produced from recycled materials for building applications: cellulose and rice husk-based material,10.3389/fbuil.2023.1271317,True,gold,28,https://doi.org/10.3389/fbuil.2023.1271317,https://doi.org/10.3389/fbuil.2023.1271317,https://www.frontiersin.org/articles/10.3389/fbuil.2023.1271317/pdf?isPublishedV2=False,no,
2023,Effect of Bio-Cementation with Rice Husk Ash on Permeability of Silty Sand,10.28991/cej-2023-09-11-016,True,diamond,18,https://doi.org/10.28991/cej-2023-09-11-016,https://doi.org/10.28991/cej-2023-09-11-016,https://www.civilejournal.org/index.php/cej/article/download/4525/pdf,yes,2023/07_Effect_of_Bio-Cementation_with_Rice_Husk_Ash_on_Permeability_of_Silty_Sand.pdf
2023,Adhesive characteristics of novel greener engineered cementitious composite with conventional concrete substrate,10.1016/j.conbuildmat.2023.133591,False,closed,20,https://doi.org/10.1016/j.conbuildmat.2023.133591,https://doi.org/10.1016/j.conbuildmat.2023.133591,,no,
2023,"Potential utilization of natural zeolite, fly ash and rice husk ash for geopolymer concrete production",10.33271/mining17.03.086,True,hybrid,4,https://doi.org/10.33271/mining17.03.086,https://doi.org/10.33271/mining17.03.086,http://mining.in.ua/articles/volume17_3/09.pdf,yes,2023/08_Potential_utilization_of_natural_zeolite_fly_ash_and_rice_husk_ash_for_geopolymer_concrete_production.pdf
2023,"Properties of Self-Compacting Concrete Produced with Optimized Volumes of Calcined Clay and Rice Husk Ash—Emphasis on Rheology, Flowability Retention and Durability",10.3390/ma16165513,True,gold,17,https://doi.org/10.3390/ma16165513,https://doi.org/10.3390/ma16165513,https://www.mdpi.com/1996-1944/16/16/5513/pdf?version=1691483302,no,
2023,Preparation and characterization of indoor heat blockage panel composites made of polyurethane-hybrid-foam-concrete and rice-husk-ash,10.1016/j.heliyon.2023.e18925,True,gold,12,https://doi.org/10.1016/j.heliyon.2023.e18925,https://doi.org/10.1016/j.heliyon.2023.e18925,http://www.cell.com/article/S2405844023061339/pdf,no,
2023,Composite Materials of Rice Husk and Reed Fibers for Thermal Insulation Plates Using Sodium Silicate as a Binder,10.3390/su151411273,True,gold,21,https://doi.org/10.3390/su151411273,https://doi.org/10.3390/su151411273,https://www.mdpi.com/2071-1050/15/14/11273/pdf?version=1689775776,no,
2023,Optimisation and prediction of compressive properties for concrete containing recycled aggregates and rice husk ash using response surface methodology (RSM),10.1002/cepa.2872,True,hybrid,6,https://doi.org/10.1002/cepa.2872,https://doi.org/10.1002/cepa.2872,https://onlinelibrary.wiley.com/doi/pdfdirect/10.1002/cepa.2872,no,
2023,"A Study on Characteristics of Brake Pad Composite Materials by Varying the Composition of Epoxy, Rice Husk, Al2O3, and Fe2O3",10.31603/ae.9121,True,gold,16,https://doi.org/10.31603/ae.9121,https://doi.org/10.31603/ae.9121,https://journal.unimma.ac.id/index.php/AutomotiveExperiences/article/download/9121/4495,yes,2023/09_A_Study_on_Characteristics_of_Brake_Pad_Composite_Materials_by_Varying_the_Composition_of_Epoxy_Rice_Husk_Al2O3_and_Fe2O.pdf
2023,Experimental investigation on properties of concrete with rice husk ash and water hyacinth ash,10.7770/safer-v12n-art793,True,diamond,2,http://dx.doi.org/10.7770/safer-v12n-art793,https://doi.org/10.7770/safer-v12n-art793,https://safer.uct.cl/index.php/SAFER/article/download/793/722,yes,2023/10_Experimental_investigation_on_properties_of_concrete_with_rice_husk_ash_and_water_hyacinth_ash.pdf
2023,Performance studies on quaternary blended Geopolymer concrete,10.1016/j.hybadv.2023.100019,True,diamond,31,https://doi.org/10.1016/j.hybadv.2023.100019,https://doi.org/10.1016/j.hybadv.2023.100019,,no,
2023,Development of sustainable concrete using rice husk ash and refractory brick waste,10.1680/jensu.22.00003,False,closed,3,https://doi.org/10.1680/jensu.22.00003,https://doi.org/10.1680/jensu.22.00003,,no,
2023,Concrete Composites Based on Quaternary Blended Cements with a Reduced Width of Initial Microcracks,10.3390/app13127338,True,gold,80,https://doi.org/10.3390/app13127338,https://doi.org/10.3390/app13127338,https://www.mdpi.com/2076-3417/13/12/7338/pdf?version=1687270518,no,
2023,EFFECT OF RICE HUSK ASH AND STEEL FIBERS ON SELF-COMPACTING CONCRETE PROPERTIES,10.21660/2023.108.3677,True,diamond,6,https://doi.org/10.21660/2023.108.3677,https://doi.org/10.21660/2023.108.3677,https://geomatejournal.com/geomate/article/download/3677/3200/7160,no,
2023,"EXPERIMENTAL INVESTIGATION ON MARBLE DUST, RICE HUSK ASH, AND FLY ASH BASED GEOPOLYMER BRICK",10.53555/ecb.v10i5s.5930,True,gold,11,http://dx.doi.org/10.53555/ecb.v10i5s.5930,https://doi.org/10.53555/ecb.v10i5s.5930,https://lwqh0y3rla.execute-api.ap-south-1.amazonaws.com/dev/download?articleId=5930,yes,2023/11_EXPERIMENTAL_INVESTIGATION_ON_MARBLE_DUST_RICE_HUSK_ASH_AND_FLY_ASH_BASED_GEOPOLYMER_BRICK.pdf
2023,Compressive strength of concrete containing furnace blast slag; optimized machine learning-based models,10.1016/j.clet.2023.100604,True,gold,78,https://doi.org/10.1016/j.clet.2023.100604,https://doi.org/10.1016/j.clet.2023.100604,https://oda.oslomet.no/oda-xmlui/bitstream/11250/3097408/1/1-s2.0-S2666790823000095-main.pdf,no,
2023,Experimental study on pore structure characteristics and thermal conductivity of fibers reinforced foamed concrete,10.1371/journal.pone.0287690,True,gold,24,https://doi.org/10.1371/journal.pone.0287690,https://doi.org/10.1371/journal.pone.0287690,https://pmc.ncbi.nlm.nih.gov/articles/PMC10328354/pdf/pone.0287690.pdf,no,
2023,Application of Artificial Intelligence Methods for Predicting the Compressive Strength of Green Concretes with Rice Husk Ash,10.3390/math12010066,True,gold,7,https://doi.org/10.3390/math12010066,https://doi.org/10.3390/math12010066,https://www.mdpi.com/2227-7390/12/1/66/pdf?version=1703410279,no,
2023,Mechanical Properties and Microstructure of Rice Husk Ash–Rubber–Fiber Concrete under Hygrothermal Environment,10.3390/polym15112415,True,gold,7,https://doi.org/10.3390/polym15112415,https://doi.org/10.3390/polym15112415,https://www.mdpi.com/2073-4360/15/11/2415/pdf?version=1684815270,no,
2023,Performance of Rice Straw Fibers on Hardened Concrete Properties under Effect of Impact Load and Gamma Radiation,10.3390/fib11050042,True,gold,24,https://doi.org/10.3390/fib11050042,https://doi.org/10.3390/fib11050042,https://www.mdpi.com/2079-6439/11/5/42/pdf?version=1683517085,no,
2023,A study of durable and reliable reactive powder concrete containing rice husk fibers,10.21533/pen.v11i3.3718,True,diamond,2,http://doi.org/10.21533/pen.v11i3.3718,https://doi.org/10.21533/pen.v11i3.3718,,no,
2023,"Performance of bituminous paving mixtures containing recycled concrete aggregate, fly ash and rice husk ash: A probabilistic approach",10.19040/ecocycles.v9i3.335,True,diamond,4,https://doi.org/10.19040/ecocycles.v9i3.335,https://doi.org/10.19040/ecocycles.v9i3.335,https://www.ecocycles.net/ojs/index.php/ecocycles/article/download/335/253,yes,2023/12_Performance_of_bituminous_paving_mixtures_containing_recycled_concrete_aggregate_fly_ash_and_rice_husk_ash_A_probabilist.pdf
2023,Review of Recent Developments Regarding the Durability Performance of Eco-Friendly Geopolymer Concrete,10.3390/buildings13123033,True,gold,76,https://doi.org/10.3390/buildings13123033,https://doi.org/10.3390/buildings13123033,https://www.mdpi.com/2075-5309/13/12/3033/pdf?version=1701829647,no,
2023,Influence of freeze–thaw cycles on mechanical properties of pervious concrete: From experimental studies to discrete element simulations,10.1016/j.conbuildmat.2023.133988,False,closed,25,https://doi.org/10.1016/j.conbuildmat.2023.133988,https://doi.org/10.1016/j.conbuildmat.2023.133988,,no,
2023,Biomineralization To Prevent Microbially Induced Corrosion on Concrete for Sustainable Marine Infrastructure,10.1021/acs.est.3c04680,True,hybrid,72,https://doi.org/10.1021/acs.est.3c04680,https://doi.org/10.1021/acs.est.3c04680,http://ira.lib.polyu.edu.hk/bitstream/10397/107460/1/Sun_Biomineralization_Prevent_Microbially.pdf,no,
2023,Experimental investigation and modelling of the mechanical properties of palm oil fuel ash concrete using Scheffe’s method,10.1038/s41598-023-45987-3,True,gold,33,https://doi.org/10.1038/s41598-023-45987-3,https://doi.org/10.1038/s41598-023-45987-3,https://www.nature.com/articles/s41598-023-45987-3.pdf,no,
2023,Effect of the addition of silica obtained from rice husk on physicochemical and mechanical properties of fibercement,10.1016/j.heliyon.2023.e13567,True,gold,13,https://doi.org/10.1016/j.heliyon.2023.e13567,https://doi.org/10.1016/j.heliyon.2023.e13567,http://www.cell.com/article/S2405844023007740/pdf,no,
2023,Evaluation of Composites Reinforced by Processed and Unprocessed Coconut Husk Powder,10.3390/polym15051195,True,gold,33,https://doi.org/10.3390/polym15051195,https://doi.org/10.3390/polym15051195,https://www.mdpi.com/2073-4360/15/5/1195/pdf?version=1677490340,no,
2023,Effect of Rice-Husk as Replacement Cement on Mechanical Properties Concrete,10.24191/jmeche.v20i2.22056,True,bronze,4,https://doi.org/10.24191/jmeche.v20i2.22056,https://doi.org/10.24191/jmeche.v20i2.22056,https://doi.org/10.24191/jmeche.v20i2.22056,yes,2023/13_Effect_of_Rice-Husk_as_Replacement_Cement_on_Mechanical_Properties_Concrete.pdf
2023,The Effect of the Addition of Coal Fly Ash (CFA) on the Control of Water Movement within the Structure of the Concrete,10.3390/ma16155218,True,gold,78,https://doi.org/10.3390/ma16155218,https://doi.org/10.3390/ma16155218,https://www.mdpi.com/1996-1944/16/15/5218/pdf?version=1690276470,no,
2023,One/Two-Step Contribution to Prepare Hierarchical Porous Carbon Derived from Rice Husk for Supercapacitor Electrode Materials,10.1021/acsomega.2c07932,True,gold,17,https://doi.org/10.1021/acsomega.2c07932,https://doi.org/10.1021/acsomega.2c07932,https://pmc.ncbi.nlm.nih.gov/articles/PMC9909822/pdf/ao2c07932.pdf,no,
2023,Raw-crushed wind-turbine blade: Waste characterization and suitability for use in concrete production,10.1016/j.resconrec.2023.107160,True,hybrid,81,https://doi.org/10.1016/j.resconrec.2023.107160,https://doi.org/10.1016/j.resconrec.2023.107160,https://ars.els-cdn.com/content/image/1-s2.0-S0921344923002951-ga1_lrg.jpg,no,
2023,Thermal performance characterization of cement-based masonry blocks incorporating rice husk ash,10.1016/j.conbuildmat.2023.132481,True,hybrid,10,https://doi.org/10.1016/j.conbuildmat.2023.132481,https://doi.org/10.1016/j.conbuildmat.2023.132481,https://ars.els-cdn.com/content/image/1-s2.0-S0950061823021979-ga1_lrg.jpg,no,
2023,Investigating the Viability of Recycling Rice Husk Ash and Plastic Bag Waste to Enhance Durability of Lightweight Concrete,10.3390/buildings13051350,True,gold,6,https://doi.org/10.3390/buildings13051350,https://doi.org/10.3390/buildings13051350,https://www.mdpi.com/2075-5309/13/5/1350/pdf?version=1684735262,no,
2023,Effect of RHA on Mechanical Properties of GGBS Based Alkali Activated Concrete: An Experimental and Statistical Modelling,10.1134/s1061830923600375,False,closed,22,https://doi.org/10.1134/s1061830923600375,https://doi.org/10.1134/s1061830923600375,,no,
2023,Utilization of Fly Ash and Rice Husk Ash in Cold Mix Asphalt as Filler,10.1051/e3sconf/202345503009,True,diamond,10,https://doi.org/10.1051/e3sconf/202345503009,https://doi.org/10.1051/e3sconf/202345503009,https://www.e3s-conferences.org/articles/e3sconf/pdf/2023/92/e3sconf_icgest2023_03009.pdf,yes,2023/14_Utilization_of_Fly_Ash_and_Rice_Husk_Ash_in_Cold_Mix_Asphalt_as_Filler.pdf
2023,"Effect of Rice Husk Ash on the Properties of Alkali-Activated Slag Pastes: Shrinkage, Hydration and Mechanical Property",10.3390/ma16083148,True,gold,14,https://doi.org/10.3390/ma16083148,https://doi.org/10.3390/ma16083148,https://www.mdpi.com/1996-1944/16/8/3148/pdf?version=1681698613,no,
2023,"Geopolymers Based on a Mixture of Steel Slag and Fly Ash, Activated with Rice Husks and Reinforced with Guadua angustifolia Fibers",10.3390/su151612404,True,gold,11,https://doi.org/10.3390/su151612404,https://doi.org/10.3390/su151612404,https://www.mdpi.com/2071-1050/15/16/12404/pdf?version=1692098248,no,
2023,Optimization of Fresh and Mechanical Characteristics of Carbon Fiber-Reinforced Concrete Composites Using Response Surface Technique,10.3390/buildings13040852,True,gold,74,https://doi.org/10.3390/buildings13040852,https://doi.org/10.3390/buildings13040852,https://www.mdpi.com/2075-5309/13/4/852/pdf?version=1679650582,no,
2023,Sustainable Green Approach of Silica Nanoparticle Synthesis Using an Agro-waste Rice Husk,10.46488/nept.2023.v22i01.046,True,gold,11,https://doi.org/10.46488/nept.2023.v22i01.046,https://doi.org/10.46488/nept.2023.v22i01.046,,no,
2023,Central composite design application in the optimization of the effect of pumice stone on lightweight concrete properties using RSM,10.1016/j.cscm.2023.e01958,True,gold,63,https://doi.org/10.1016/j.cscm.2023.e01958,https://doi.org/10.1016/j.cscm.2023.e01958,https://elar.urfu.ru/bitstream/10995/130262/1/2-s2.0-85149622401.pdf,yes,2023/15_Central_composite_design_application_in_the_optimization_of_the_effect_of_pumice_stone_on_lightweight_concrete_propertie.pdf
2022,The impact of using rice husk ash as a replacement material in concrete: An experimental study,10.1016/j.jksues.2022.03.002,True,hybrid,74,https://doi.org/10.1016/j.jksues.2022.03.002,https://doi.org/10.1016/j.jksues.2022.03.002,,no,
2022,An experimental study on rice husk ash concrete,10.1016/j.matpr.2022.11.366,False,closed,30,https://doi.org/10.1016/j.matpr.2022.11.366,https://doi.org/10.1016/j.matpr.2022.11.366,,no,
2022,Rice Husk Ash in Concrete,10.3390/su15010137,True,gold,138,https://doi.org/10.3390/su15010137,https://doi.org/10.3390/su15010137,https://www.mdpi.com/2071-1050/15/1/137/pdf?version=1672133876,no,
2022,Prediction of compressive strength of rice husk ash concrete based on stacking ensemble learning model,10.1016/j.jclepro.2022.135279,False,closed,141,https://doi.org/10.1016/j.jclepro.2022.135279,https://doi.org/10.1016/j.jclepro.2022.135279,,no,
2022,Comparative Experimental Study of Sustainable Reinforced Portland Cement Concrete and Geopolymer Concrete Beams Using Rice Husk Ash,10.3390/su14169856,True,gold,24,https://doi.org/10.3390/su14169856,https://doi.org/10.3390/su14169856,https://www.mdpi.com/2071-1050/14/16/9856/pdf?version=1660119084,no,
2022,Comparative study of fly ash and rice husk ash as cement replacement in pervious concrete: mechanical characteristics and sustainability analysis,10.1080/10298436.2022.2075867,False,closed,74,https://doi.org/10.1080/10298436.2022.2075867,https://doi.org/10.1080/10298436.2022.2075867,,no,
2022,Integration of Rice Husk Ash as Supplementary Cementitious Material in the Production of Sustainable High-Strength Concrete,10.3390/ma15228171,True,gold,90,https://doi.org/10.3390/ma15228171,https://doi.org/10.3390/ma15228171,https://www.mdpi.com/1996-1944/15/22/8171/pdf?version=1668690871,no,
2022,"Factors affecting the CO2 emissions, cost efficiency and eco-strength efficiency of concrete containing rice husk ash: A database study",10.1016/j.conbuildmat.2022.126905,True,green,75,https://doi.org/10.1016/j.conbuildmat.2022.126905,https://doi.org/10.1016/j.conbuildmat.2022.126905,https://purehost.bath.ac.uk/ws/files/228947637/Authors_submitted_v1.pdf,yes,2022/01_Factors_affecting_the_CO2_emissions_cost_efficiency_and_eco-strength_efficiency_of_concrete_containing_rice_husk_ash_A_d.pdf
2022,Development of Self-Compacting Concrete Incorporating Rice Husk Ash with Waste Galvanized Copper Wire Fiber,10.3390/buildings12071024,True,gold,35,https://doi.org/10.3390/buildings12071024,https://doi.org/10.3390/buildings12071024,https://www.mdpi.com/2075-5309/12/7/1024/pdf?version=1658133857,no,
2022,Suitability of Rice Husk Ash (RHA) with lime as a soil stabilizer in geotechnical applications,10.1186/s40703-021-00169-w,True,diamond,71,https://doi.org/10.1186/s40703-021-00169-w,https://doi.org/10.1186/s40703-021-00169-w,https://link.springer.com/content/pdf/10.1186/s40703-021-00169-w.pdf,no,
2022,The use of rice husk particles to adjust the rheological properties of 3D printable cementitious composites through water sorption,10.1016/j.conbuildmat.2022.130046,False,closed,41,https://doi.org/10.1016/j.conbuildmat.2022.130046,https://doi.org/10.1016/j.conbuildmat.2022.130046,,no,
2022,Impact of Rice Husk Ash on the Mechanical Characteristics and Freeze–Thaw Resistance of Recycled Aggregate Concrete,10.3390/app122312238,True,gold,43,https://doi.org/10.3390/app122312238,https://doi.org/10.3390/app122312238,https://www.mdpi.com/2076-3417/12/23/12238/pdf?version=1669966075,no,
2022,Mechanical and microstructural properties of high-performance concrete made with rice husk ash internally cured with superabsorbent polymers,10.1016/j.heliyon.2022.e10502,True,gold,30,https://doi.org/10.1016/j.heliyon.2022.e10502,https://doi.org/10.1016/j.heliyon.2022.e10502,http://www.cell.com/article/S240584402201790X/pdf,no,
2022,Predicting the Compressive Strength of Concrete Containing Fly Ash and Rice Husk Ash Using ANN and GEP Models,10.3390/ma15217713,True,gold,29,https://doi.org/10.3390/ma15217713,https://doi.org/10.3390/ma15217713,https://www.mdpi.com/1996-1944/15/21/7713/pdf?version=1667388584,no,
2022,"Development of high strength recycled aggregate concrete-composite effects of fly ash, silica fume and rice husk ash as pozzolans",10.1617/s11527-022-02026-3,True,hybrid,52,https://doi.org/10.1617/s11527-022-02026-3,https://doi.org/10.1617/s11527-022-02026-3,https://link.springer.com/content/pdf/10.1617/s11527-022-02026-3.pdf,no,
2022,Experimental Investigation on the Effects of Coffee Husk Ash as Partial Replacement of Cement on Concrete Properties,10.1155/2022/4175460,True,gold,41,https://doi.org/10.1155/2022/4175460,https://doi.org/10.1155/2022/4175460,https://downloads.hindawi.com/journals/amse/2022/4175460.pdf,no,
2022,Optimization of foam concrete characteristics using response surface methodology and artificial neural networks,10.1016/j.conbuildmat.2022.127575,False,closed,82,https://doi.org/10.1016/j.conbuildmat.2022.127575,https://doi.org/10.1016/j.conbuildmat.2022.127575,,no,
2022,"Machine learning in concrete science: applications, challenges, and best practices",10.1038/s41524-022-00810-x,True,gold,321,https://doi.org/10.1038/s41524-022-00810-x,https://doi.org/10.1038/s41524-022-00810-x,https://www.nature.com/articles/s41524-022-00810-x.pdf,no,
2022,Green synthesis and characterization of UKMRC-8 rice husk-derived mesoporous silica nanoparticle for agricultural application,10.1038/s41598-022-24484-z,True,gold,70,https://doi.org/10.1038/s41598-022-24484-z,https://doi.org/10.1038/s41598-022-24484-z,https://www.nature.com/articles/s41598-022-24484-z.pdf,no,
2022,Life cycle assessment of wheat husk based agro-concrete block,10.1016/j.jclepro.2022.131437,True,green,22,https://doi.org/10.1016/j.jclepro.2022.131437,https://doi.org/10.1016/j.jclepro.2022.131437,,no,
2022,Design of a Novel Hybrid Rice Straw/Husk Bio-Based Concrete Featuring Enhanced Mechanical and Hygrothermal Properties,10.1007/s12649-022-01854-2,False,closed,15,https://doi.org/10.1007/s12649-022-01854-2,https://doi.org/10.1007/s12649-022-01854-2,,no,
2022,Optimization of Green Concrete Containing Fly Ash and Rice Husk Ash Based on Hydro-Mechanical Properties and Life Cycle Assessment Considerations,10.28991/cej-2022-08-12-018,True,diamond,43,https://doi.org/10.28991/cej-2022-08-12-018,https://doi.org/10.28991/cej-2022-08-12-018,https://civilejournal.org/index.php/cej/article/download/3718/pdf,yes,2022/02_Optimization_of_Green_Concrete_Containing_Fly_Ash_and_Rice_Husk_Ash_Based_on_Hydro-Mechanical_Properties_and_Life_Cycle_.pdf
2022,Force‐Deformation Study on Glass Fiber Reinforced Concrete Slab Incorporating Waste Paper,10.1155/2022/5343128,True,gold,176,https://doi.org/10.1155/2022/5343128,https://doi.org/10.1155/2022/5343128,https://downloads.hindawi.com/journals/ace/2022/5343128.pdf,no,
2022,Sodium Silicate from Rice Husk Ash and Their Effects as Geopolymer Cement,10.3390/polym14142920,True,gold,41,https://doi.org/10.3390/polym14142920,https://doi.org/10.3390/polym14142920,https://www.mdpi.com/2073-4360/14/14/2920/pdf?version=1658226079,no,
2022,Durability Studies on Fly Ash Based Geopolymer Concrete Incorporated with Slag and Alkali Solutions,10.1155/2022/7196446,True,gold,155,https://doi.org/10.1155/2022/7196446,https://doi.org/10.1155/2022/7196446,https://downloads.hindawi.com/journals/ace/2022/7196446.pdf,no,
2022,RETRACTED: A Study on the Properties of Geopolymer Concrete Modified with Nano Graphene Oxide,10.3390/buildings12081066,True,gold,131,https://doi.org/10.3390/buildings12081066,https://doi.org/10.3390/buildings12081066,https://www.mdpi.com/2075-5309/12/8/1066/pdf?version=1658480994,no,
2022,"A Step towards Sustainable Concrete with Substitution of Plastic Waste in Concrete: Overview on Mechanical, Durability and Microstructure Analysis",10.3390/cryst12070944,True,gold,178,https://doi.org/10.3390/cryst12070944,https://doi.org/10.3390/cryst12070944,https://www.mdpi.com/2073-4352/12/7/944/pdf?version=1657098782,no,
2022,Experimental Analysis of Geopolymer Concrete: A Sustainable and Economic Concrete Using the Cost Estimation Model,10.1155/2022/7488254,True,gold,76,https://doi.org/10.1155/2022/7488254,https://doi.org/10.1155/2022/7488254,https://downloads.hindawi.com/journals/amse/2022/7488254.pdf,no,
2022,Experimental study and theoretical prediction of mechanical properties of ultra-high-performance concrete incorporated with nanorice husk ash burning at different temperature treatments,10.1007/s11356-022-20779-w,False,closed,43,https://doi.org/10.1007/s11356-022-20779-w,https://doi.org/10.1007/s11356-022-20779-w,,no,
2022,"Mechanical and Microstructural Properties of Composite Mortars with Lime, Silica Fume and Rice Husk Ash",10.3390/pr10071424,True,gold,40,https://doi.org/10.3390/pr10071424,https://doi.org/10.3390/pr10071424,https://www.mdpi.com/2227-9717/10/7/1424/pdf?version=1658464361,no,
2022,Rice Husk Ash (RHA) Based Concrete: Workability and Compressive Strength with Different Dosages and Curing Ages,10.2478/jaes-2022-0016,True,hybrid,10,https://doi.org/10.2478/jaes-2022-0016,https://doi.org/10.2478/jaes-2022-0016,https://sciendo.com/pdf/10.2478/jaes-2022-0016,yes,2022/03_Rice_Husk_Ash_RHA_Based_Concrete_Workability_and_Compressive_Strength_with_Different_Dosages_and_Curing_Ages.pdf
2022,Effect of Coarse Recycled Aggregate and Rice Husk Ash on Concrete: A Factorial Design Approach,10.1007/s40996-022-00856-3,False,closed,9,https://doi.org/10.1007/s40996-022-00856-3,https://doi.org/10.1007/s40996-022-00856-3,,no,
2022,Comparative Study of Experimental and Modeling of Fly Ash-Based Concrete,10.3390/ma15113762,True,gold,48,https://doi.org/10.3390/ma15113762,https://doi.org/10.3390/ma15113762,https://www.mdpi.com/1996-1944/15/11/3762/pdf?version=1653398675,no,
2022,Influence of Replacing Cement with Waste Glass on Mechanical Properties of Concrete,10.3390/ma15217513,True,gold,162,https://doi.org/10.3390/ma15217513,https://doi.org/10.3390/ma15217513,https://www.mdpi.com/1996-1944/15/21/7513/pdf?version=1667974155,no,
2022,Prediction of concrete strengths enabled by missing data imputation and interpretable machine learning,10.1016/j.cemconcomp.2022.104414,True,bronze,206,https://doi.org/10.1016/j.cemconcomp.2022.104414,https://doi.org/10.1016/j.cemconcomp.2022.104414,https://www.sciencedirect.com/science/article/am/pii/S0958946522000105?via%3Dihub,no,
2022,Microwave-assisted enzymatic hydrolysis to produce xylooligosaccharides from rice husk alkali-soluble arabinoxylan,10.1038/s41598-021-03360-2,True,gold,39,https://doi.org/10.1038/s41598-021-03360-2,https://doi.org/10.1038/s41598-021-03360-2,https://www.nature.com/articles/s41598-021-03360-2.pdf,no,
2022,Experimental investigation of binder based on rice husk ash and eggshell lime on soil stabilization under acidic attack,10.1038/s41598-022-11529-6,True,gold,24,https://doi.org/10.1038/s41598-022-11529-6,https://doi.org/10.1038/s41598-022-11529-6,https://www.nature.com/articles/s41598-022-11529-6.pdf,no,
2022,Rice-Husk Shredding as a Means of Increasing the Long-Term Mechanical Properties of Earthen Mixtures for 3D Printing,10.3390/ma15030743,True,gold,37,https://doi.org/10.3390/ma15030743,https://doi.org/10.3390/ma15030743,https://www.mdpi.com/1996-1944/15/3/743/pdf?version=1642731167,no,
2022,Soft computing models to predict the compressive strength of GGBS/FA- geopolymer concrete,10.1371/journal.pone.0265846,True,gold,103,https://doi.org/10.1371/journal.pone.0265846,https://doi.org/10.1371/journal.pone.0265846,https://journals.plos.org/plosone/article/file?id=10.1371/journal.pone.0265846&type=printable,yes,2022/04_Soft_computing_models_to_predict_the_compressive_strength_of_GGBSFA-_geopolymer_concrete.pdf
2022,Machine Learning Prediction Models to Evaluate the Strength of Recycled Aggregate Concrete,10.3390/ma15082823,True,gold,106,https://doi.org/10.3390/ma15082823,https://doi.org/10.3390/ma15082823,https://www.mdpi.com/1996-1944/15/8/2823/pdf?version=1649757314,no,
2022,Strength Performance of Concrete Using Rice Husk Ash (RHA) as Supplementary Cementitious Material (SCM),10.22146/jcef.3488,True,diamond,14,https://doi.org/10.22146/jcef.3488,https://doi.org/10.22146/jcef.3488,https://jurnal.ugm.ac.id/v3/JCEF/article/download/3488/1809,no,
2022,Experimental Investigation of Concrete Characteristics Strength with Partial Replacement of Cement by Hybrid Coffee Husk and Sugarcane Bagasse Ash,10.1155/2022/5363766,True,gold,19,https://doi.org/10.1155/2022/5363766,https://doi.org/10.1155/2022/5363766,https://downloads.hindawi.com/journals/amse/2022/5363766.pdf,no,
2022,"Concrete surface electrical resistivity: Effects of sample size, geometry, probe spacing and SCMs",10.1016/j.conbuildmat.2022.126659,False,closed,24,https://doi.org/10.1016/j.conbuildmat.2022.126659,https://doi.org/10.1016/j.conbuildmat.2022.126659,,no,
2022,Strength prediction of sustainable concrete incorporating rice husk ash by using regression technique,10.1016/j.matpr.2022.08.404,False,closed,6,https://doi.org/10.1016/j.matpr.2022.08.404,https://doi.org/10.1016/j.matpr.2022.08.404,,no,
2022,"The effect of Caspian Sea water on mechanical properties and durability of concrete containing rice husk ash, nano $${\varvec{\hbox {SiO}_2}}$$, and nano $${\varvec{{\hbox {Al}}_{2}{\hbox {O}}_{3}}}$$",10.1038/s41598-022-24304-4,True,gold,12,https://doi.org/10.1038/s41598-022-24304-4,https://doi.org/10.1038/s41598-022-24304-4,https://www.nature.com/articles/s41598-022-24304-4.pdf,no,
2022,Comparative Study on Extraction of Cellulose Fiber from Rice Straw Waste from Chemo-Mechanical and Pulping Method,10.3390/polym14030387,True,gold,98,https://doi.org/10.3390/polym14030387,https://doi.org/10.3390/polym14030387,https://www.mdpi.com/2073-4360/14/3/387/pdf?version=1642591626,no,
2022,Preparation of biomass carbon dots for foam stabilizer of foamed concrete,10.1016/j.conbuildmat.2022.129853,False,closed,26,https://doi.org/10.1016/j.conbuildmat.2022.129853,https://doi.org/10.1016/j.conbuildmat.2022.129853,,no,
2022,Application of consistency-based water-to-binder ratio to compensate workability loss in concrete modified with rice husk ash,10.1016/j.matpr.2022.10.241,False,closed,6,https://doi.org/10.1016/j.matpr.2022.10.241,https://doi.org/10.1016/j.matpr.2022.10.241,,no,
2022,"Strength Properties of Steel and Bamboo Reinforced Concrete Containing Quarry Dust, Rice Husk Ash and Guinea Corn Husk Ash",10.5829/ijee.2022.13.04.05,True,diamond,10,https://doi.org/10.5829/ijee.2022.13.04.05,https://doi.org/10.5829/ijee.2022.13.04.05,https://www.ijee.net/article_151531_66f06d850918689a6766089103c9a098.pdf,no,
2022,A Study on Gel/Space Ratio Development in Binary Mixture Containing Portland Cement and Meta-Illite Calcined Clay/Rice Husk Ash,10.3390/gels8020085,True,gold,11,https://doi.org/10.3390/gels8020085,https://doi.org/10.3390/gels8020085,,no,
2022,Impact of Fibres on the Mechanical and Durable Behaviour of Fibre-Reinforced Concrete,10.3390/buildings12091436,True,gold,80,https://doi.org/10.3390/buildings12091436,https://doi.org/10.3390/buildings12091436,https://www.mdpi.com/2075-5309/12/9/1436/pdf?version=1663064028,no,
2022,Study on Slag-Rice Husk Ash based Alkali Activated Concrete,10.38208/acp.v1.487,True,hybrid,6,https://doi.org/10.38208/acp.v1.487,https://doi.org/10.38208/acp.v1.487,https://asps-journals.com/index.php/acp/article/download/487/35,yes,2022/05_Study_on_Slag-Rice_Husk_Ash_based_Alkali_Activated_Concrete.pdf
2022,Green Concrete: An Eco-Friendly Alternative to the OPC Concrete,10.15282/construction.v2i2.8710,True,diamond,36,https://doi.org/10.15282/construction.v2i2.8710,https://doi.org/10.15282/construction.v2i2.8710,https://journal.ump.edu.my/construction/article/download/8710/2605,yes,2022/06_Green_Concrete_An_Eco-Friendly_Alternative_to_the_OPC_Concrete.pdf
2022,Optimizing Compressive Strength Properties of Binary Blended Cement Rice Husk Concrete for Road Pavement,10.48048/tis.2022.3972,True,diamond,10,https://doi.org/10.48048/tis.2022.3972,https://doi.org/10.48048/tis.2022.3972,https://tis.wu.ac.th/index.php/tis/article/download/3972/227,yes,2022/07_Optimizing_Compressive_Strength_Properties_of_Binary_Blended_Cement_Rice_Husk_Concrete_for_Road_Pavement.pdf
2022,Experimental Study on the Properties of Mortar and Concrete Made with Tunnel Slag Machine-Made Sand,10.3390/ma15144817,True,gold,30,https://doi.org/10.3390/ma15144817,https://doi.org/10.3390/ma15144817,https://www.mdpi.com/1996-1944/15/14/4817/pdf?version=1657451758,no,
2022,Natural Cellulosic Fiber Reinforced Concrete: Influence of Fiber Type and Loading Percentage on Mechanical and Water Absorption Performance,10.3390/ma15030874,True,gold,134,https://doi.org/10.3390/ma15030874,https://doi.org/10.3390/ma15030874,https://www.mdpi.com/1996-1944/15/3/874/pdf?version=1643029210,no,
2022,Optimization of Alkaline Activator on the Strength Properties of Geopolymer Concrete,10.3390/polym14122434,True,gold,72,https://doi.org/10.3390/polym14122434,https://doi.org/10.3390/polym14122434,https://www.mdpi.com/2073-4360/14/12/2434/pdf?version=1655353008,no,
2022,Performance Evaluation of Rice-husk Ash Based Bacterial Concrete,10.18090/samriddhi.v14i02.9,True,diamond,6,https://doi.org/10.18090/samriddhi.v14i02.9,https://doi.org/10.18090/samriddhi.v14i02.9,https://smsjournals.com/index.php/SAMRIDDHI/article/download/2724/1231,yes,2022/08_Performance_Evaluation_of_Rice-husk_Ash_Based_Bacterial_Concrete.pdf
2022,Experimental Evaluation of Coffee Husk Ash as a Filler in Hot Mix Asphalt Concrete Productions,10.1155/2022/6726700,True,gold,10,https://doi.org/10.1155/2022/6726700,https://doi.org/10.1155/2022/6726700,https://downloads.hindawi.com/journals/ace/2022/6726700.pdf,no,
2022,Use of recycled coal bottom ash in reinforced concrete beams as replacement for aggregate,10.3389/fmats.2022.1064604,True,gold,74,https://doi.org/10.3389/fmats.2022.1064604,https://doi.org/10.3389/fmats.2022.1064604,https://www.frontiersin.org/articles/10.3389/fmats.2022.1064604/pdf,yes,2022/09_Use_of_recycled_coal_bottom_ash_in_reinforced_concrete_beams_as_replacement_for_aggregate.pdf
2022,Shear Performance of Concrete Beams with a Maximum Size of Recycled Concrete Aggregate,10.1155/2022/6804155,True,gold,12,https://doi.org/10.1155/2022/6804155,https://doi.org/10.1155/2022/6804155,https://downloads.hindawi.com/journals/amse/2022/6804155.pdf,no,
2022,Influence of Electromagnetic Activation of Cement Paste and Nano-Modification by Rice Straw Biochar on the Structure and Characteristics of Concrete,10.3390/jcs6090268,True,gold,25,https://doi.org/10.3390/jcs6090268,https://doi.org/10.3390/jcs6090268,https://www.mdpi.com/2504-477X/6/9/268/pdf?version=1663061994,no,
2022,Effect of Using Rice Husk Ash as Partial Replacement of Cement on Properties of Fresh and Hardened Concrete,10.2478/acee-2022-0017,True,diamond,8,https://doi.org/10.2478/acee-2022-0017,https://doi.org/10.2478/acee-2022-0017,https://sciendo.com/pdf/10.2478/acee-2022-0017,yes,2022/10_Effect_of_Using_Rice_Husk_Ash_as_Partial_Replacement_of_Cement_on_Properties_of_Fresh_and_Hardened_Concrete.pdf
2022,Use of Industrial Silica Sand as a Fine Aggregate in Concrete—An Explorative Study,10.3390/buildings12081273,True,gold,46,https://doi.org/10.3390/buildings12081273,https://doi.org/10.3390/buildings12081273,https://www.mdpi.com/2075-5309/12/8/1273/pdf?version=1661305051,no,
2022,Evaluation of structural performances of metakaolin based geopolymer concrete,10.1016/j.jmrt.2022.08.020,True,gold,71,https://doi.org/10.1016/j.jmrt.2022.08.020,https://doi.org/10.1016/j.jmrt.2022.08.020,https://dk.upce.cz/bitstreams/9e68970d-58a0-4f54-9d92-8317cf4b9914/download,yes,2022/11_Evaluation_of_structural_performances_of_metakaolin_based_geopolymer_concrete.pdf
2022,Combined Effect of Coal Fly Ash (CFA) and Nanosilica (nS) on the Strength Parameters and Microstructural Properties of Eco-Friendly Concrete,10.3390/en16010452,True,gold,104,https://doi.org/10.3390/en16010452,https://doi.org/10.3390/en16010452,https://www.mdpi.com/1996-1073/16/1/452/pdf?version=1672476342,no,
2022,Experimental investigation on static compressive toughness of steel fiber rubber concrete,10.1515/rams-2022-0260,True,gold,29,https://doi.org/10.1515/rams-2022-0260,https://doi.org/10.1515/rams-2022-0260,https://www.degruyter.com/document/doi/10.1515/rams-2022-0260/pdf,no,
2022,An Artificial Neural Network Based Prediction of Mechanical and Durability Characteristics of Sustainable Geopolymer Composite,10.1155/2022/9343330,True,gold,39,https://doi.org/10.1155/2022/9343330,https://doi.org/10.1155/2022/9343330,https://downloads.hindawi.com/journals/ace/2022/9343330.pdf,no,
2022,Strength and Durability Parameters of Brick Aggregate Concrete Incorporating Rice Husk Ash as a Partial Replacement of Cement,10.1155/2022/8541276,True,gold,8,https://doi.org/10.1155/2022/8541276,https://doi.org/10.1155/2022/8541276,https://downloads.hindawi.com/journals/amse/2022/8541276.pdf,no,
2022,Effect of Agricultural Crop Wastes as Partial Replacement of Cement in Concrete Production,10.1155/2022/5648187,True,gold,44,https://doi.org/10.1155/2022/5648187,https://doi.org/10.1155/2022/5648187,https://downloads.hindawi.com/journals/ace/2022/5648187.pdf,no,
2022,CONSOLIDATION CHARACTERISTICS OF LATERITIC SOIL TREATED WITH RICE HUSK ASH,10.11113/mjce.v34.17663,True,bronze,11,https://doi.org/10.11113/mjce.v34.17663,https://doi.org/10.11113/mjce.v34.17663,https://journals.utm.my/mjce/article/download/17663/7871,no,
2022,Experimental investigation of engineered alkali-activated fibrous geopolymer concrete,10.1007/s41024-022-00259-x,False,closed,20,https://doi.org/10.1007/s41024-022-00259-x,https://doi.org/10.1007/s41024-022-00259-x,,no,
2022,Characteristics of Combined Rice and Wheat Husk Ashes as a Partial Replacement for Cement in Mortar,10.28991/cej-2022-08-04-04,True,diamond,12,https://doi.org/10.28991/cej-2022-08-04-04,https://doi.org/10.28991/cej-2022-08-04-04,https://www.civilejournal.org/index.php/cej/article/download/3186/pdf,no,
2022,Data-Driven Compressive Strength Prediction of Fly Ash Concrete Using Ensemble Learner Algorithms,10.3390/buildings12020132,True,gold,99,https://doi.org/10.3390/buildings12020132,https://doi.org/10.3390/buildings12020132,https://www.mdpi.com/2075-5309/12/2/132/pdf?version=1645523477,no,
2022,"Influence of rice husk ash substitution on some physical, mechanical and durability properties of the metakaolin-based geopolymer mortar",10.47481/jscmt.1093312,True,diamond,16,https://doi.org/10.47481/jscmt.1093312,https://doi.org/10.47481/jscmt.1093312,https://dergipark.org.tr/en/download/article-file/2332183,yes,2022/12_Influence_of_rice_husk_ash_substitution_on_some_physical_mechanical_and_durability_properties_of_the_metakaolin-based_ge.pdf
2022,Rice husk char as a potential electrode material for supercapacitors,10.5599/jese.1310,True,diamond,8,https://doi.org/10.5599/jese.1310,https://doi.org/10.5599/jese.1310,https://pub.iapchem.org/ojs/index.php/JESE/article/download/1310/1449,yes,2022/13_Rice_husk_char_as_a_potential_electrode_material_for_supercapacitors.pdf
2022,Using an Artificial Neural Network to Validate and Predict the Physical Properties of Self-Compacting Concrete,10.1155/2022/1206512,True,gold,16,https://doi.org/10.1155/2022/1206512,https://doi.org/10.1155/2022/1206512,https://downloads.hindawi.com/journals/amse/2022/1206512.pdf,no,
2022,"Using Recycled Concrete Powder, Waste Glass Powder, and Plastic Powder to Improve the Mechanical Properties of Compacted Concrete: Cement Elimination Approach",10.1155/2022/9481466,True,gold,58,https://doi.org/10.1155/2022/9481466,https://doi.org/10.1155/2022/9481466,https://downloads.hindawi.com/journals/ace/2022/9481466.pdf,no,
2022,Effects of Polypropylene Waste Addition as Coarse Aggregates in Concrete: Experimental Characterization and Statistical Analysis,10.1155/2022/7886722,True,gold,29,https://doi.org/10.1155/2022/7886722,https://doi.org/10.1155/2022/7886722,https://downloads.hindawi.com/journals/amse/2022/7886722.pdf,no,
2022,Multi-Objective Optimization of Sustainable Concrete Containing Fly Ash Based on Environmental and Mechanical Considerations,10.3390/buildings12070948,True,gold,89,https://doi.org/10.3390/buildings12070948,https://doi.org/10.3390/buildings12070948,https://www.mdpi.com/2075-5309/12/7/948/pdf?version=1656923098,no,
2022,Systematic Experimental Assessment of POFA Concrete Incorporating Waste Tire Rubber Aggregate,10.3390/polym14112294,True,gold,28,https://doi.org/10.3390/polym14112294,https://doi.org/10.3390/polym14112294,https://www.mdpi.com/2073-4360/14/11/2294/pdf?version=1654742595,no,
2022,"Development of GHG Emissions Curves for Bio-Concretes Specification: Case Study for Bamboo, Rice Husk, and Wood Shavings Considering the Context of Different Countries",10.4028/www.scientific.net/cta.1.428,True,green,3,https://doi.org/10.4028/www.scientific.net/cta.1.428,https://doi.org/10.4028/www.scientific.net/cta.1.428,http://hdl.handle.net/11311/1177879,no,
2022,Effect of <i>α</i>: Phase Nano Al<sub>2</sub>O<sub>3</sub> and Rice Husk Ash in Cement Mortar,10.1155/2022/4335736,True,gold,18,https://doi.org/10.1155/2022/4335736,https://doi.org/10.1155/2022/4335736,https://downloads.hindawi.com/journals/ace/2022/4335736.pdf,no,
2022,QUANTIFICATION OF HYDRATION PRODUCTS IN RICE HUSK ASH (RHA)-BLENDED CEMENT CONCRETE WITH CRUMB WASTE RUBBER TIRES (CWRT) &amp; ITS CORRELATION WITH MECHANICAL PERFORMANCE,10.21660/2022.99.s8603,True,diamond,11,https://doi.org/10.21660/2022.99.s8603,https://doi.org/10.21660/2022.99.s8603,https://geomatejournal.com/geomate/article/download/3724/3006/6235,yes,2022/14_QUANTIFICATION_OF_HYDRATION_PRODUCTS_IN_RICE_HUSK_ASH_RHA-BLENDED_CEMENT_CONCRETE_WITH_CRUMB_WASTE_RUBBER_TIRES_CWRT_amp.pdf
2022,"Application of Machine Learning Techniques for Predicting Compressive, Splitting Tensile, and Flexural Strengths of Concrete with Metakaolin",10.3390/ma15155435,True,gold,67,https://doi.org/10.3390/ma15155435,https://doi.org/10.3390/ma15155435,https://www.mdpi.com/1996-1944/15/15/5435/pdf?version=1659875338,no,
2022,Experimental Study of Rice Husk Fluidization Without a Sand Bed Material on a Bubbling Fluidized Bed Gasifier,10.14710/ijred.2023.46068,True,gold,6,https://doi.org/10.14710/ijred.2023.46068,https://doi.org/10.14710/ijred.2023.46068,https://ejournal.undip.ac.id/index.php/ijred/article/download/46068/pdf,no,
2022,Prediction of compressive strength of concrete with rice husk ash (RHA) as partial replacement for cement using artificial neural network (ANN) model,10.1063/5.0110583,False,closed,3,https://doi.org/10.1063/5.0110583,https://doi.org/10.1063/5.0110583,,no,
2022,Physical and Chemical Characterization of Coffee Husk Ash Effect on Partial Replacement of Cement in Concrete Production,10.30880/ijscet.2022.13.01.016,True,diamond,13,https://doi.org/10.30880/ijscet.2022.13.01.016,https://doi.org/10.30880/ijscet.2022.13.01.016,https://publisher.uthm.edu.my/ojs/index.php/IJSCET/article/download/9509/4982,no,
2022,Experimental and Statistical Investigations on Alccofine Based Ternary Blended High-performance Concrete,10.5829/ije.2022.35.08b.19,True,bronze,23,https://doi.org/10.5829/ije.2022.35.08b.19,https://doi.org/10.5829/ije.2022.35.08b.19,https://www.ije.ir/article_150147_a96a353afa8e504b84acd4818b65d63b.pdf,no,
2022,"Study of rice husk ash derived MCM-41-type materials on pore expansion, Al incorporation, PEI impregnation, and CO2 adsorption",10.1007/s11814-021-0904-3,True,bronze,14,https://doi.org/10.1007/s11814-021-0904-3,https://doi.org/10.1007/s11814-021-0904-3,https://link.springer.com/content/pdf/10.1007/s11814-021-0904-3.pdf,no,
2022,Improving the Performance of Structural Members by Incorporating Incinerated Bio-Medical Waste Ash in Reinforced Geopolymer Concrete,10.4028/www.scientific.net/msf.1048.321,False,closed,12,https://doi.org/10.4028/www.scientific.net/msf.1048.321,https://doi.org/10.4028/www.scientific.net/msf.1048.321,,no,
2022,Experimental investigation of crude oil contaminated soil for sustainable concrete production,10.1007/s44150-022-00069-2,True,bronze,20,https://doi.org/10.1007/s44150-022-00069-2,https://doi.org/10.1007/s44150-022-00069-2,https://link.springer.com/content/pdf/10.1007/s44150-022-00069-2.pdf,no,
2022,Highly active heterogeneous hydrogenation catalysts prepared from cobalt complexes and rice husk waste,10.1039/d2cy00005a,True,hybrid,12,https://doi.org/10.1039/d2cy00005a,https://doi.org/10.1039/d2cy00005a,https://pubs.rsc.org/en/content/articlepdf/2022/cy/d2cy00005a,yes,2022/15_Highly_active_heterogeneous_hydrogenation_catalysts_prepared_from_cobalt_complexes_and_rice_husk_waste.pdf
2021,Durability properties of concrete with silica fume and rice husk ash,10.1016/j.clet.2021.100067,True,gold,97,https://doi.org/10.1016/j.clet.2021.100067,https://doi.org/10.1016/j.clet.2021.100067,,no,
2021,Prediction of Compressive Strength of Rice Husk Ash Concrete through Different Machine Learning Processes,10.3390/cryst11040352,True,gold,76,https://doi.org/10.3390/cryst11040352,https://doi.org/10.3390/cryst11040352,https://www.mdpi.com/2073-4352/11/4/352/pdf?version=1617937769,no,
2021,Influence of Portland cement on performance of fine rice husk ash geopolymer concrete: Strength and permeability properties,10.1016/j.conbuildmat.2021.124321,False,closed,86,https://doi.org/10.1016/j.conbuildmat.2021.124321,https://doi.org/10.1016/j.conbuildmat.2021.124321,,no,
2021,Effect of Incorporation of Rice Husk Ash Instead of Cement on the Performance of Steel Fibers Reinforced Concrete,10.3389/fmats.2021.665625,True,gold,100,https://doi.org/10.3389/fmats.2021.665625,https://doi.org/10.3389/fmats.2021.665625,https://www.frontiersin.org/articles/10.3389/fmats.2021.665625/pdf,yes,2021/01_Effect_of_Incorporation_of_Rice_Husk_Ash_Instead_of_Cement_on_the_Performance_of_Steel_Fibers_Reinforced_Concrete.pdf
2021,Experimental Investigation and Image Processing to Predict the Properties of Concrete with the Addition of Nano Silica and Rice Husk Ash,10.3390/cryst11101230,True,gold,40,https://doi.org/10.3390/cryst11101230,https://doi.org/10.3390/cryst11101230,https://www.mdpi.com/2073-4352/11/10/1230/pdf?version=1634036292,no,
2021,Short-term analysis on the combined use of sugarcane bagasse ash and rice husk ash as supplementary cementitious material in concrete production,10.1007/s11356-021-15877-0,False,closed,60,https://doi.org/10.1007/s11356-021-15877-0,https://doi.org/10.1007/s11356-021-15877-0,,no,
2021,Strength and durability of concrete using Rice Husk ash as a partial replacement of cement,10.1016/j.matpr.2021.11.267,False,closed,34,https://doi.org/10.1016/j.matpr.2021.11.267,https://doi.org/10.1016/j.matpr.2021.11.267,,no,
2021,Utilization of Industrial By-Products/Waste to Manufacture Geopolymer Cement/Concrete,10.3390/su13020873,True,gold,128,https://doi.org/10.3390/su13020873,https://doi.org/10.3390/su13020873,https://www.mdpi.com/2071-1050/13/2/873/pdf?version=1610938593,no,
2021,Implementation of soft-computing models for prediction of flexural strength of pervious concrete hybridized with rice husk ash and calcium carbide waste,10.1007/s40808-021-01195-4,False,closed,53,https://doi.org/10.1007/s40808-021-01195-4,https://doi.org/10.1007/s40808-021-01195-4,,no,
2021,Properties of sustainable self-compacting concrete made with rice husk ash,10.1080/19648189.2021.1955747,False,closed,30,https://doi.org/10.1080/19648189.2021.1955747,https://doi.org/10.1080/19648189.2021.1955747,,no,
2021,"PERFORMANCE OF SUSTAINABLE GREEN CONCRETE INCORPORATED WITH FLY ASH, RICE HUSK ASH, AND STONE DUST",10.14311/ap.2021.61.0279,True,diamond,64,https://doi.org/10.14311/ap.2021.61.0279,https://doi.org/10.14311/ap.2021.61.0279,https://ojs.cvut.cz/ojs/index.php/ap/article/download/6580/5893,yes,2021/02_PERFORMANCE_OF_SUSTAINABLE_GREEN_CONCRETE_INCORPORATED_WITH_FLY_ASH_RICE_HUSK_ASH_AND_STONE_DUST.pdf
2021,Prediction and optimization of the fresh and hardened properties of concrete containing rice husk ash and glass fiber using response surface methodology,10.1016/j.cscm.2021.e00505,True,gold,46,https://doi.org/10.1016/j.cscm.2021.e00505,https://doi.org/10.1016/j.cscm.2021.e00505,,no,
2021,Development and Characterization of Rice Husk and Recycled Polypropylene Composite Filaments for 3D Printing,10.3390/polym13071067,True,gold,100,https://doi.org/10.3390/polym13071067,https://doi.org/10.3390/polym13071067,https://www.mdpi.com/2073-4360/13/7/1067/pdf?version=1617937537,no,
2021,"Effectiveness of fly ash, zeolite, and unburnt rice husk as a substitute of cement in concrete",10.1016/j.matpr.2021.09.005,False,closed,19,https://doi.org/10.1016/j.matpr.2021.09.005,https://doi.org/10.1016/j.matpr.2021.09.005,,no,
2021,Comparison of Machine Learning Approaches with Traditional Methods for Predicting the Compressive Strength of Rice Husk Ash Concrete,10.3390/cryst11070779,True,gold,54,https://doi.org/10.3390/cryst11070779,https://doi.org/10.3390/cryst11070779,https://www.mdpi.com/2073-4352/11/7/779/pdf?version=1625302436,no,
2021,Partial replacement of cement with rice husk ash in concrete production: an exploratory cost-benefit analysis for low-income communities,10.2478/emj-2021-0026,True,diamond,24,https://doi.org/10.2478/emj-2021-0026,https://doi.org/10.2478/emj-2021-0026,https://www.sciendo.com/pdf/10.2478/emj-2021-0026,yes,2021/03_Partial_replacement_of_cement_with_rice_husk_ash_in_concrete_production_an_exploratory_cost-benefit_analysis_for_low-inc.pdf
2021,Moisture Content Impact on Properties of Briquette Produced from Rice Husk Waste,10.3390/su13063069,True,gold,78,https://doi.org/10.3390/su13063069,https://doi.org/10.3390/su13063069,https://www.mdpi.com/2071-1050/13/6/3069/pdf?version=1615521292,no,
2021,Experimental Study of Beeswax / Rice Husk Ash Phase Changes Material as Energy Storage in Concrete,10.24018/ejers.2021.6.3.2411,True,diamond,3,https://doi.org/10.24018/ejers.2021.6.3.2411,https://doi.org/10.24018/ejers.2021.6.3.2411,https://www.ejers.org/index.php/ejers/article/download/2411/1075,no,
2021,Taguchi optimization of geopolymer concrete produced with rice husk ash and ceramic dust,10.1007/s11356-021-16869-w,False,closed,21,https://doi.org/10.1007/s11356-021-16869-w,https://doi.org/10.1007/s11356-021-16869-w,,no,
2021,Effect of Superplasticizer on Strength and Durability of Rice Husk Ash Concrete,10.5829/ijee.2021.12.03.04,True,diamond,25,https://doi.org/10.5829/ijee.2021.12.03.04,https://doi.org/10.5829/ijee.2021.12.03.04,https://www.ijee.net/article_134290_749ece9827a2580267c90b37dec9c889.pdf,no,
2021,Experimental study on the bond-slip behavior and stress transfer mechanism between shaped steel and high-performance fiber-reinforced concrete,10.1016/j.istruc.2021.09.014,False,closed,42,https://doi.org/10.1016/j.istruc.2021.09.014,https://doi.org/10.1016/j.istruc.2021.09.014,,no,
2021,Mechanical Properties of High Strength Concrete Containing Nano SiO2 Made from Rice Husk Ash in Southern Vietnam,10.3390/cryst11080932,True,gold,23,https://doi.org/10.3390/cryst11080932,https://doi.org/10.3390/cryst11080932,https://www.mdpi.com/2073-4352/11/8/932/pdf?version=1628823401,no,
2021,Experimental Investigation on the Mechanical Properties of Natural Fiber Reinforced Concrete,10.32604/jrm.2022.017513,True,bronze,104,https://doi.org/10.32604/jrm.2022.017513,https://doi.org/10.32604/jrm.2022.017513,https://file.techscience.com/ueditor/files/jrm/TSP_JRM-10-5/TSP_JRM_17513/TSP_JRM_17513.pdf,yes,2021/04_Experimental_Investigation_on_the_Mechanical_Properties_of_Natural_Fiber_Reinforced_Concrete.pdf
2021,Mechanical Properties of Concrete Incorporating Rice Husk Ash and Wheat Straw Ash as Ternary Cementitious Material,10.1155/2021/2977428,True,gold,33,https://doi.org/10.1155/2021/2977428,https://doi.org/10.1155/2021/2977428,https://downloads.hindawi.com/journals/ace/2021/2977428.pdf,no,
2021,Experimental Study of Concrete Using Raw Rice Husk as Partial Replacement of Cement with Natural Fiber (Jute Fiber) as Reinforcing Material,10.22115/cepm.2021.280252.1166,False,closed,3,https://doaj.org/article/6e49c49eefda4f54bcc72480bd55b789,https://doi.org/10.22115/cepm.2021.280252.1166,,no,
2021,Optimization of tensile strength of PLA/clay/rice husk composites using Box-Behnken design,10.1007/s13399-021-01971-3,True,hybrid,54,https://doi.org/10.1007/s13399-021-01971-3,https://doi.org/10.1007/s13399-021-01971-3,https://link.springer.com/content/pdf/10.1007/s13399-021-01971-3.pdf,no,
2021,Application of rice husk ash in high strength concrete,10.1088/1757-899x/1122/1/012013,True,diamond,8,https://doi.org/10.1088/1757-899x/1122/1/012013,https://doi.org/10.1088/1757-899x/1122/1/012013,,no,
2021,Fire Resistance Behaviour of Geopolymer Concrete: An Overview,10.3390/buildings11030082,True,gold,189,https://doi.org/10.3390/buildings11030082,https://doi.org/10.3390/buildings11030082,https://www.mdpi.com/2075-5309/11/3/82/pdf?version=1614789247,no,
2021,Recent progress in superabsorbent polymers for concrete,10.1016/j.cemconres.2021.106648,True,green,214,https://doi.org/10.1016/j.cemconres.2021.106648,https://doi.org/10.1016/j.cemconres.2021.106648,,no,
2021,Adaptive neuro-fuzzy inference system prediction model for the mechanical behaviour of rice husk ash and periwinkle shell concrete blend for sustainable construction,10.1007/s42107-021-00357-0,False,closed,45,https://doi.org/10.1007/s42107-021-00357-0,https://doi.org/10.1007/s42107-021-00357-0,,no,
2021,Experimental Study on Engineering Properties of Cement Concrete Reinforced with Nylon and Jute Fibers,10.3390/buildings11100454,True,gold,66,https://doi.org/10.3390/buildings11100454,https://doi.org/10.3390/buildings11100454,https://www.mdpi.com/2075-5309/11/10/454/pdf?version=1634720106,no,
2021,A STUDY ON EXPERIMENTAL INVESTIGATION USING CEMENT CONCRETE WITH VARIYING PERCENTAGE OF RICE HUSK ASH,10.54473/ijtret.2021.5301,True,bronze,1,http://doi.org/10.54473/ijtret.2021.5301,https://doi.org/10.54473/ijtret.2021.5301,https://doi.org/10.54473/ijtret.2021.5301,yes,2021/05_A_STUDY_ON_EXPERIMENTAL_INVESTIGATION_USING_CEMENT_CONCRETE_WITH_VARIYING_PERCENTAGE_OF_RICE_HUSK_ASH.pdf
2021,Compressive Strength of Fly‐Ash‐Based Geopolymer Concrete by Gene Expression Programming and Random Forest,10.1155/2021/6618407,True,gold,209,https://doi.org/10.1155/2021/6618407,https://doi.org/10.1155/2021/6618407,https://downloads.hindawi.com/journals/ace/2021/6618407.pdf,no,
2021,Experimental Study of Beeswax / Rice Husk Ash Phase Changes Material as Energy Storage in Concrete,10.24018/ejeng.2021.6.3.2411,True,diamond,1,https://doi.org/10.24018/ejeng.2021.6.3.2411,https://doi.org/10.24018/ejeng.2021.6.3.2411,https://www.ej-eng.org/index.php/ejeng/article/download/2411/1075,no,
2021,Relation between Density and Compressive Strength of Foamed Concrete,10.3390/ma14112967,True,gold,136,https://doi.org/10.3390/ma14112967,https://doi.org/10.3390/ma14112967,https://www.mdpi.com/1996-1944/14/11/2967/pdf?version=1622451268,no,
2021,Experimental and Informational Modeling Study of Sustainable Self-Compacting Geopolymer Concrete,10.3390/su13137444,True,gold,52,https://doi.org/10.3390/su13137444,https://doi.org/10.3390/su13137444,https://www.mdpi.com/2071-1050/13/13/7444/pdf?version=1625492864,no,
2021,"Rice Husk Ash-Based Geopolymer Binder: Compressive Strength, Optimize Composition, FTIR Spectroscopy, Microstructural, and Potential as Fire-Retardant Material",10.3390/polym13244373,True,gold,56,https://doi.org/10.3390/polym13244373,https://doi.org/10.3390/polym13244373,https://www.mdpi.com/2073-4360/13/24/4373/pdf?version=1639464561,no,
2021,Early strength properties of geopolymer concrete composites: An experimental study,10.1016/j.matpr.2021.03.002,False,closed,39,https://doi.org/10.1016/j.matpr.2021.03.002,https://doi.org/10.1016/j.matpr.2021.03.002,,no,
2021,"Strength, Hydraulic, and Microstructural Characteristics of Expansive Soils Incorporating Marble Dust and Rice Husk Ash",10.1155/2021/9918757,True,gold,39,https://doi.org/10.1155/2021/9918757,https://doi.org/10.1155/2021/9918757,https://downloads.hindawi.com/journals/ace/2021/9918757.pdf,no,
2021,Predicting the compressive strength of a quaternary blend concrete using Bayesian regularized neural network,10.1080/24705314.2021.1892572,True,green,34,https://doi.org/10.1080/24705314.2021.1892572,https://doi.org/10.1080/24705314.2021.1892572,https://figshare.com/articles/journal_contribution/Predicting_the_compressive_strength_of_a_quaternary_blend_concrete_using_Bayesian_regularized_neural_network/16625960,no,
2021,OBTAINING BIOCHAR FROM RICE HUSK AND STRAW,10.32014/2021.2518-1491.8,True,bronze,19,https://doi.org/10.32014/2021.2518-1491.8,https://doi.org/10.32014/2021.2518-1491.8,https://journals.nauka-nanrk.kz/chemistry-technology/article/download/329/209/774,yes,2021/06_OBTAINING_BIOCHAR_FROM_RICE_HUSK_AND_STRAW.pdf
2021,Green Concrete Based on Quaternary Binders with Significant Reduced of CO2 Emissions,10.3390/en14154558,True,gold,110,https://doi.org/10.3390/en14154558,https://doi.org/10.3390/en14154558,https://www.mdpi.com/1996-1073/14/15/4558/pdf?version=1627546686,no,
2021,Prediction of Geopolymer Concrete Compressive Strength Using Novel Machine Learning Algorithms,10.3390/polym13193389,True,gold,152,https://doi.org/10.3390/polym13193389,https://doi.org/10.3390/polym13193389,https://www.mdpi.com/2073-4360/13/19/3389/pdf?version=1633757886,no,
2021,Application of Gene Expression Programming to Evaluate Strength Characteristics of Hydrated-Lime-Activated Rice Husk Ash-Treated Expansive Soil,10.1155/2021/6686347,True,gold,42,https://doi.org/10.1155/2021/6686347,https://doi.org/10.1155/2021/6686347,https://downloads.hindawi.com/journals/acisc/2021/6686347.pdf,no,
2021,Techno-economic and environmental feasibility analysis of rice husks fired energy system for application in a cluster of rice mills,10.1016/j.rser.2021.111365,True,green,24,https://doi.org/10.1016/j.rser.2021.111365,https://doi.org/10.1016/j.rser.2021.111365,https://discovery.ucl.ac.uk/10140326/1/Mulugetta_Techno-economic%20and%20Environmental%20Feasibility%20Analysis%20of%20Rice%20Husks%20fired%20Energy%20System%20-%20RSER%20journal.pdf,yes,2021/07_Techno-economic_and_environmental_feasibility_analysis_of_rice_husks_fired_energy_system_for_application_in_a_cluster_of.pdf
2021,Preparing Nanosilica Particles from Rice Husk Using Precipitation Method,10.21123/bsj.2021.18.3.0494,True,gold,22,https://doi.org/10.21123/bsj.2021.18.3.0494,https://doi.org/10.21123/bsj.2021.18.3.0494,https://bsj.uobaghdad.edu.iq/index.php/BSJ/article/download/5404/3638,no,
2021,Application of Gene Expression Programming (GEP) for the Prediction of Compressive Strength of Geopolymer Concrete,10.3390/ma14051106,True,gold,115,https://doi.org/10.3390/ma14051106,https://doi.org/10.3390/ma14051106,https://www.mdpi.com/1996-1944/14/5/1106/pdf?version=1614744015,no,
2021,"Fresh, Mechanical, and Durability Properties of Self-Compacting Mortar Incorporating Alumina Nanoparticles and Rice Husk Ash",10.3390/ma14226778,True,gold,28,https://doi.org/10.3390/ma14226778,https://doi.org/10.3390/ma14226778,https://www.mdpi.com/1996-1944/14/22/6778/pdf?version=1636941713,no,
2021,Hydric and Durability Performances of Compressed Earth Blocks Stabilized with Industrial and Agro By-Product Binders: Calcium Carbide Residue and Rice Husk Ash,10.1061/(asce)mt.1943-5533.0003745,True,green,35,https://doi.org/10.1061/(asce)mt.1943-5533.0003745,https://doi.org/10.1061/(asce)mt.1943-5533.0003745,https://orbi.uliege.be/bitstream/2268/258679/1/MTENG-11191-R1.pdf,yes,2021/08_Hydric_and_Durability_Performances_of_Compressed_Earth_Blocks_Stabilized_with_Industrial_and_Agro_By-Product_Binders_Cal.pdf
2021,Effects of carbon nanotubes on expanded glass and silica aerogel based lightweight concrete,10.1038/s41598-021-81665-y,True,gold,102,https://doi.org/10.1038/s41598-021-81665-y,https://doi.org/10.1038/s41598-021-81665-y,https://www.nature.com/articles/s41598-021-81665-y.pdf,no,
2021,Mechanical and durability properties of alkali-activated fly ash concrete with increasing slag content,10.1016/j.conbuildmat.2021.124330,False,closed,134,https://doi.org/10.1016/j.conbuildmat.2021.124330,https://doi.org/10.1016/j.conbuildmat.2021.124330,,no,
2021,Swelling Potential of Clayey Soil Modified with Rice Husk Ash Activated by Calcination for Pavement Underlay by Plasticity Index Method (PIM),10.1155/2021/6688519,True,gold,28,https://doi.org/10.1155/2021/6688519,https://doi.org/10.1155/2021/6688519,https://downloads.hindawi.com/journals/amse/2021/6688519.pdf,no,
2021,The Impact of Rice Husks Ash on Some Mechanical Features of Reactive Powder Concrete with High Sulfate Content in Fine Aggregate,10.15866/irece.v12i4.19834,True,bronze,6,https://doi.org/10.15866/irece.v12i4.19834,https://doi.org/10.15866/irece.v12i4.19834,https://www.praiseworthyprize.org/jsm/index.php?journal=irece&page=article&op=download&path[]=25220&path[]=pdf_246,no,
2021,Investigating the Effect of Olive Husk Ash on the Properties of Asphalt Concrete Mixture,10.18280/acsm.450102,True,bronze,17,https://doi.org/10.18280/acsm.450102,https://doi.org/10.18280/acsm.450102,https://www.iieta.org/download/file/fid/49823,yes,2021/09_Investigating_the_Effect_of_Olive_Husk_Ash_on_the_Properties_of_Asphalt_Concrete_Mixture.pdf
2021,Strength models for uPVC-confined concrete,10.1016/j.conbuildmat.2021.125070,False,closed,18,https://doi.org/10.1016/j.conbuildmat.2021.125070,https://doi.org/10.1016/j.conbuildmat.2021.125070,,no,
2021,"Prediction of Compressive Strengths for Rice Husks Ash incorporated concrete, Using Neural Network and Reviews",10.15332/iteckne.v18i1.2532,True,diamond,4,https://doi.org/10.15332/iteckne.v18i1.2532,https://doi.org/10.15332/iteckne.v18i1.2532,http://revistas.ustabuca.edu.co/index.php/ITECKNE/article/view/2532/1855,no,
2021,Mechanical Performance of Eco‐Friendly Sandwich Wall with Rice Husk Recycled Concrete,10.1155/2021/6655198,True,gold,3,https://doi.org/10.1155/2021/6655198,https://doi.org/10.1155/2021/6655198,https://downloads.hindawi.com/journals/ace/2021/6655198.pdf,no,
2021,Experimental study on mechanical properties and microstructures of steel fiber-reinforced fly ash-metakaolin geopolymer-recycled concrete,10.1515/rams-2021-0050,True,gold,36,https://doi.org/10.1515/rams-2021-0050,https://doi.org/10.1515/rams-2021-0050,https://www.degruyter.com/document/doi/10.1515/rams-2021-0050/pdf,no,
2021,Chemical Extraction Process for Producing High Purity Nanosilica from Iraqi Rice Husk,10.30684/etj.v39i1a.1696,True,diamond,19,https://doi.org/10.30684/etj.v39i1a.1696,https://doi.org/10.30684/etj.v39i1a.1696,https://etj.uotechnology.edu.iq/article_168091_1ef815d060810d585253529a91162bf9.pdf,no,
2021,State of the art on the application of waste materials in geopolymer concrete,10.1016/j.cscm.2021.e00637,True,gold,74,https://doi.org/10.1016/j.cscm.2021.e00637,https://doi.org/10.1016/j.cscm.2021.e00637,http://hdl.handle.net/10072/406486,no,
2021,Experimental Investigation on Geopolymer Concrete with Various Sustainable Mineral Ashes,10.3390/ma14247596,True,gold,31,https://doi.org/10.3390/ma14247596,https://doi.org/10.3390/ma14247596,https://www.mdpi.com/1996-1944/14/24/7596/pdf?version=1639396518,no,
2021,"Geopolymer Concrete Compressive Strength via Artificial Neural Network, Adaptive Neuro Fuzzy Interface System, and Gene Expression Programming With K-Fold Cross Validation",10.3389/fmats.2021.621163,True,gold,152,https://doi.org/10.3389/fmats.2021.621163,https://doi.org/10.3389/fmats.2021.621163,https://www.frontiersin.org/articles/10.3389/fmats.2021.621163/pdf,yes,2021/10_Geopolymer_Concrete_Compressive_Strength_via_Artificial_Neural_Network_Adaptive_Neuro_Fuzzy_Interface_System_and_Gene_Ex.pdf
2021,Computation of High-Performance Concrete Compressive Strength Using Standalone and Ensembled Machine Learning Techniques,10.3390/ma14227034,True,gold,89,https://doi.org/10.3390/ma14227034,https://doi.org/10.3390/ma14227034,https://www.mdpi.com/1996-1944/14/22/7034/pdf?version=1637554075,no,
2021,Effects of controlled burn rice husk ash on geotechnical properties of the soil,10.4081/jae.2021.1216,True,gold,13,https://doi.org/10.4081/jae.2021.1216,https://doi.org/10.4081/jae.2021.1216,https://www.agroengineering.org/index.php/jae/article/download/1216/927,yes,2021/11_Effects_of_controlled_burn_rice_husk_ash_on_geotechnical_properties_of_the_soil.pdf
2021,Effect of mineral admixtures and manufactured sand on compressive strength of engineered cementitious composite,10.1007/s41024-021-00137-y,False,closed,33,https://doi.org/10.1007/s41024-021-00137-y,https://doi.org/10.1007/s41024-021-00137-y,,no,
2021,A step towards sustainable glass fiber reinforced concrete utilizing silica fume and waste coconut shell aggregate,10.1038/s41598-021-92228-6,True,gold,106,https://doi.org/10.1038/s41598-021-92228-6,https://doi.org/10.1038/s41598-021-92228-6,https://www.nature.com/articles/s41598-021-92228-6.pdf,no,
2021,"EXPERIMENTAL STUDY OF STABILIZATION OF EXPANSIVE SOIL USING THE MIXTURE OF MARBLE DUST, RICE HUSK ASH AND CEMENT FOR SUB-GRADE ROAD CONSTRUCTION: A CASE STUDY OF WOLDIA TOWN",10.33736/jcest.3977.2021,True,diamond,14,https://doi.org/10.33736/jcest.3977.2021,https://doi.org/10.33736/jcest.3977.2021,https://publisher.unimas.my/ojs/index.php/JCEST/article/download/3977/1417,yes,2021/12_EXPERIMENTAL_STUDY_OF_STABILIZATION_OF_EXPANSIVE_SOIL_USING_THE_MIXTURE_OF_MARBLE_DUST_RICE_HUSK_ASH_AND_CEMENT_FOR_SUB-.pdf
2021,Development of high performance lightweight concrete using ultra high performance cementitious composite and different lightweight aggregates,10.1016/j.cemconcomp.2021.104277,True,green,122,https://doi.org/10.1016/j.cemconcomp.2021.104277,https://doi.org/10.1016/j.cemconcomp.2021.104277,http://ira.lib.polyu.edu.hk/bitstream/10397/97352/1/Lu_Development_High_Performance.pdf,no,
2021,Physical Properties of Rice Husk-Pine Wood Particleboard,10.30880/jsmpm.2021.01.01.002,True,diamond,9,https://doi.org/10.30880/jsmpm.2021.01.01.002,https://doi.org/10.30880/jsmpm.2021.01.01.002,https://publisher.uthm.edu.my/ojs/index.php/jsmpm/article/download/10151/4674,no,
2021,Effect of PVA fiber on mechanical properties of fly ash-based geopolymer concrete,10.1515/rams-2021-0039,True,gold,80,https://doi.org/10.1515/rams-2021-0039,https://doi.org/10.1515/rams-2021-0039,https://www.degruyter.com/document/doi/10.1515/rams-2021-0039/pdf,no,
2021,Strength and Acid Resistance of Ceramic-Based Self-Compacting Alkali-Activated Concrete: Optimizing and Predicting Assessment,10.3390/ma14206208,True,gold,20,https://doi.org/10.3390/ma14206208,https://doi.org/10.3390/ma14206208,https://www.mdpi.com/1996-1944/14/20/6208/pdf?version=1634804962,no,
2021,Assessment of Longstanding Effects of Fly Ash and Silica Fume on the Compressive Strength of Concrete Using Extreme Learning Machine and Artificial Neural Network,10.25073/jaec.202151.308,True,diamond,103,https://doi.org/10.25073/jaec.202151.308,https://doi.org/10.25073/jaec.202151.308,https://jaec.vn/index.php/JAEC/article/download/308/152,yes,2021/13_Assessment_of_Longstanding_Effects_of_Fly_Ash_and_Silica_Fume_on_the_Compressive_Strength_of_Concrete_Using_Extreme_Lear.pdf
2021,Evaluation of the nano silica and nano waste materials on the corrosion protection of high strength steel embedded in ultra-high performance concrete,10.1038/s41598-021-82322-0,True,gold,60,https://doi.org/10.1038/s41598-021-82322-0,https://doi.org/10.1038/s41598-021-82322-0,https://www.nature.com/articles/s41598-021-82322-0.pdf,no,
2021,Mechanical properties and permeability of red mud-blast furnace slag-based geopolymer concrete,10.1007/s42452-020-03985-4,True,gold,82,https://doi.org/10.1007/s42452-020-03985-4,https://doi.org/10.1007/s42452-020-03985-4,https://link.springer.com/content/pdf/10.1007/s42452-020-03985-4.pdf,no,
2021,Research progress on mechanical properties of geopolymer recycled aggregate concrete,10.1515/rams-2021-0021,True,gold,60,https://doi.org/10.1515/rams-2021-0021,https://doi.org/10.1515/rams-2021-0021,https://www.degruyter.com/document/doi/10.1515/rams-2021-0021/pdf,no,
2021,The performance of ultra-lightweight foamed concrete incorporating nanosilica,10.1007/s43452-021-00234-2,True,hybrid,50,https://doi.org/10.1007/s43452-021-00234-2,https://doi.org/10.1007/s43452-021-00234-2,https://link.springer.com/content/pdf/10.1007/s43452-021-00234-2.pdf,no,
2021,Effect of Wheat Straw Ash on Fresh and Hardened Concrete Reinforced with Jute Fiber,10.1155/2021/6659125,True,gold,57,https://doi.org/10.1155/2021/6659125,https://doi.org/10.1155/2021/6659125,https://downloads.hindawi.com/journals/ace/2021/6659125.pdf,no,
2021,Influence of Ground Calcium Carbonate Waste on the Properties of Green Self-Consolidating Concrete Prepared by Low-Quality Bagasse Ash and Rice Husk Ash,10.3390/ma14154232,True,gold,10,https://doi.org/10.3390/ma14154232,https://doi.org/10.3390/ma14154232,https://www.mdpi.com/1996-1944/14/15/4232/pdf?version=1627550744,no,
2021,Self-healing concrete-What Is it Good For?,10.3989/mc.2021.07320,True,diamond,49,https://doi.org/10.3989/mc.2021.07320,https://doi.org/10.3989/mc.2021.07320,https://materconstrucc.revistas.csic.es/index.php/materconstrucc/article/download/2306/3091,no,
2021,Experimental Investigation on Properties of Concrete Enhanced by Replacement of Cement with Rice Husk Ash as an Admixture,10.22214/ijraset.2021.34584,True,diamond,3,https://doi.org/10.22214/ijraset.2021.34584,https://doi.org/10.22214/ijraset.2021.34584,https://doi.org/10.22214/ijraset.2021.34584,yes,2021/14_Experimental_Investigation_on_Properties_of_Concrete_Enhanced_by_Replacement_of_Cement_with_Rice_Husk_Ash_as_an_Admixtur.pdf
2021,Eco-friendly incorporation of sugarcane bagasse ash as partial replacement of sand in foam concrete,10.1016/j.clet.2021.100164,True,gold,71,https://doi.org/10.1016/j.clet.2021.100164,https://doi.org/10.1016/j.clet.2021.100164,http://hdl.handle.net/1854/LU-8716580,no,
2021,Sustainable Panels Made with Industrial and Agricultural Waste: Thermal and Environmental Critical Analysis of the Experimental Results,10.3390/app11020494,True,gold,44,https://doi.org/10.3390/app11020494,https://doi.org/10.3390/app11020494,https://www.mdpi.com/2076-3417/11/2/494/pdf?version=1609935328,no,
2021,Increasing the Performance of a Fiber-Reinforced Concrete for Protective Facilities,10.3390/fib9110064,True,gold,54,https://doi.org/10.3390/fib9110064,https://doi.org/10.3390/fib9110064,https://www.mdpi.com/2079-6439/9/11/64/pdf?version=1637821540,no,
2021,Rice Husk Ash as a Partial Replacement of Cement in High Strength Concrete containing Fly Ash,10.14741/ijcet/v.11.2.9,True,hybrid,5,https://doi.org/10.14741/ijcet/v.11.2.9,https://doi.org/10.14741/ijcet/v.11.2.9,http://inpressco.com/wp-content/uploads/2021/04/Paper9195-200.pdf,no,
2021,Effects of steam explosion pretreatment on the extraction of xylooligosaccharide from rice husk,10.15376/biores.16.4.6910-6920,True,gold,8,https://doi.org/10.15376/biores.16.4.6910-6920,https://doi.org/10.15376/biores.16.4.6910-6920,https://bioresources.cnr.ncsu.edu/wp-content/uploads/2021/08/BioRes_16_4_6910_Yan_TDW_Effects_Steam_Explos_Pretreatm_Extrac_Xylooligosaccha_Rice_Husk_19052.pdf,yes,2021/15_Effects_of_steam_explosion_pretreatment_on_the_extraction_of_xylooligosaccharide_from_rice_husk.pdf
2020,Rice Husk Ash and Fly Ash Effects on the Mechanical Properties of Concrete,10.48084/etasr.3363,True,gold,58,https://doi.org/10.48084/etasr.3363,https://doi.org/10.48084/etasr.3363,https://etasr.com/index.php/ETASR/article/download/3363/pdf,yes,2020/01_Rice_Husk_Ash_and_Fly_Ash_Effects_on_the_Mechanical_Properties_of_Concrete.pdf
2020,Thermal performance of Rice Husk Ash mixed mortar in concrete and masonry buildings,10.35784/bud-arch.2121,True,diamond,16,https://doi.org/10.35784/bud-arch.2121,https://doi.org/10.35784/bud-arch.2121,https://ph.pollub.pl/index.php/bia/article/download/2121/2242,yes,2020/02_Thermal_performance_of_Rice_Husk_Ash_mixed_mortar_in_concrete_and_masonry_buildings.pdf
2020,Rice husk ash and its utilization in soil improvement: An overview,10.46326/jmes.2020.61(3).01,True,diamond,25,https://doi.org/10.46326/jmes.2020.61(3).01,https://doi.org/10.46326/jmes.2020.61(3).01,http://jmes.humg.edu.vn/images/paper/2020/61_3/01. Nguyen Thanh Danh 1-11.pdf,yes,2020/03_Rice_husk_ash_and_its_utilization_in_soil_improvement_An_overview.pdf
2020,Effect of Partial Replacement of Ordinary Portland Cement (OPC) with Ghanaian Rice Husk Ash (RHA) on the Compressive Strength of Concrete,10.4236/ojce.2020.104027,True,diamond,16,https://doi.org/10.4236/ojce.2020.104027,https://doi.org/10.4236/ojce.2020.104027,http://www.scirp.org/journal/PaperDownload.aspx?paperID=105801,yes,2020/04_Effect_of_Partial_Replacement_of_Ordinary_Portland_Cement_OPC_with_Ghanaian_Rice_Husk_Ash_RHA_on_the_Compressive_Strengt.pdf
2020,Geopolymers in construction - recent developments,10.1016/j.conbuildmat.2020.120472,True,green,254,https://doi.org/10.1016/j.conbuildmat.2020.120472,https://doi.org/10.1016/j.conbuildmat.2020.120472,https://eprints.whiterose.ac.uk/164189/1/Clean%20with%20Figures.pdf,yes,2020/05_Geopolymers_in_construction_-_recent_developments.pdf
2020,Rice Straw and Eggshell Ash as Partial Replacements of Cement in Concrete,10.48084/etasr.3893,True,gold,23,https://doi.org/10.48084/etasr.3893,https://doi.org/10.48084/etasr.3893,https://etasr.com/index.php/ETASR/article/download/3893/2398,yes,2020/06_Rice_Straw_and_Eggshell_Ash_as_Partial_Replacements_of_Cement_in_Concrete.pdf
2020,Experimental characterisation of non-encapsulated bio-based concrete with self-healing capacity,10.1016/j.conbuildmat.2020.119411,True,green,42,https://doi.org/10.1016/j.conbuildmat.2020.119411,https://doi.org/10.1016/j.conbuildmat.2020.119411,https://researchonline.ljmu.ac.uk/id/eprint/12923/1/manuscript%20self%20healing%20concrete_.pdf,yes,2020/07_Experimental_characterisation_of_non-encapsulated_bio-based_concrete_with_self-healing_capacity.pdf
2020,EXPERIMENTAL INVESTIGATION OF THE POZZOLANIC POTENTIALS OF MILLET AND RICE HUSK ASH AS MINERAL ADDITIVE IN SELF-COMPACTING CONCRETE,10.14311/ap.2020.60.0359,True,diamond,6,https://doi.org/10.14311/ap.2020.60.0359,https://doi.org/10.14311/ap.2020.60.0359,https://ojs.cvut.cz/ojs/index.php/ap/article/download/5835/5804,yes,2020/08_EXPERIMENTAL_INVESTIGATION_OF_THE_POZZOLANIC_POTENTIALS_OF_MILLET_AND_RICE_HUSK_ASH_AS_MINERAL_ADDITIVE_IN_SELF-COMPACTI.pdf
2020,The Sustainability of Cement Mortar with Raw Sewage Sludge and Rice Husk Ash,10.28991/cej-2020-03091456,True,diamond,11,https://doi.org/10.28991/cej-2020-03091456,https://doi.org/10.28991/cej-2020-03091456,https://www.civilejournal.org/index.php/cej/article/download/1885/pdf,yes,2020/09_The_Sustainability_of_Cement_Mortar_with_Raw_Sewage_Sludge_and_Rice_Husk_Ash.pdf
2020,Mechanical Properties of High-Performance Concrete with Guinea Corn Husk Ash as Additive,10.36108/laujoces/0202/50(0131),True,bronze,12,https://doi.org/10.36108/laujoces/0202/50(0131),https://doi.org/10.36108/laujoces/0202/50(0131),https://laujoces.org/article_download/vol_5_1_2020/paper_13.pdf,yes,2020/10_Mechanical_Properties_of_High-Performance_Concrete_with_Guinea_Corn_Husk_Ash_as_Additive.pdf
2020,Properties of Ternary Cementitious Concrete Matrix Containing Rice Husk Ash and Coconut Husk Ash,10.17577/ijertv9is020272,True,hybrid,4,https://doi.org/10.17577/ijertv9is020272,https://doi.org/10.17577/ijertv9is020272,https://www.ijert.org/research/properties-of-ternary-cementitious-concrete-matrix-containing-rice-husk-ash-and-coconut-husk-ash-IJERTV9IS020272.pdf,yes,2020/11_Properties_of_Ternary_Cementitious_Concrete_Matrix_Containing_Rice_Husk_Ash_and_Coconut_Husk_Ash.pdf
2020,EFFECT OF DIFFERENT TYPES OF RICE HUSK ASH ON SOME GEOTECHNICAL PROPERTIES OF CEMENT-ADMIXED SOIL,10.46717/igj.53.2c.1rs-2020-09-01,True,gold,12,https://doi.org/10.46717/igj.53.2c.1rs-2020-09-01,https://doi.org/10.46717/igj.53.2c.1rs-2020-09-01,https://igj-iraq.org/igj/index.php/igj/article/download/248/311,yes,2020/12_EFFECT_OF_DIFFERENT_TYPES_OF_RICE_HUSK_ASH_ON_SOME_GEOTECHNICAL_PROPERTIES_OF_CEMENT-ADMIXED_SOIL.pdf
2020,"Experimental Study of Physical, Fresh-State and Strength Parameters of Concrete incorporating Wood Waste Ash as a Cementitious Material",,True,green,22,http://revue.ummto.dz/index.php/JMES/article/view/2396,,http://revue.ummto.dz/index.php/JMES/article/view/2396,yes,2020/13_Experimental_Study_of_Physical_Fresh-State_and_Strength_Parameters_of_Concrete_incorporating_Wood_Waste_Ash_as_a_Cementi.pdf
2020,Perspectives of the Silicon Dioxide Production from Rice Husk in Kazakhstan: an Overview,10.18321/ectj993,True,diamond,8,https://doi.org/10.18321/ectj993,https://doi.org/10.18321/ectj993,https://ect-journal.kz/index.php/ectj/article/download/993/794,yes,2020/14_Perspectives_of_the_Silicon_Dioxide_Production_from_Rice_Husk_in_Kazakhstan_an_Overview.pdf
2020,Evaluation of Rice Husk Ash as a Partial Replacement of Cement in Self-Compacting Concrete Using Mix Design,10.17577/ijertv9is070576,True,hybrid,5,https://doi.org/10.17577/ijertv9is070576,https://doi.org/10.17577/ijertv9is070576,https://www.ijert.org/research/evaluation-of-rice-husk-ash-as-a-partial-replacement-of-cement-in-self-compacting-concrete-using-mix-design-IJERTV9IS070576.pdf,yes,2020/15_Evaluation_of_Rice_Husk_Ash_as_a_Partial_Replacement_of_Cement_in_Self-Compacting_Concrete_Using_Mix_Design.pdf
2024,Evaluation of Fresh and Hardened Properties of Concrete made with Rice Husk Ash admixed with Snail Shell Ash,10.48084/etasr.8673,True,gold,3,https://doi.org/10.48084/etasr.8673,https://doi.org/10.48084/etasr.8673,https://etasr.com/index.php/ETASR/article/download/8673/4161,yes,2024/12_Evaluation_of_Fresh_and_Hardened_Properties_of_Concrete_made_with_Rice_Husk_Ash_admixed_with_Snail_Shell_Ash.pdf
2024,Estimating Rice Husk Ash Concrete Compressive Strength Using Hybrid Machine Learning Methodology,10.30919/es1111,True,bronze,5,https://doi.org/10.30919/es1111,https://doi.org/10.30919/es1111,https://www.espublisher.com/uploads/article_pdf/es1111.pdf,yes,2024/13_Estimating_Rice_Husk_Ash_Concrete_Compressive_Strength_Using_Hybrid_Machine_Learning_Methodology.pdf
2024,Improving Soil Properties for Construction Usage with Fly Ash and Rice Husk Ash,10.1051/e3sconf/202450701012,True,diamond,4,https://doi.org/10.1051/e3sconf/202450701012,https://doi.org/10.1051/e3sconf/202450701012,https://www.e3s-conferences.org/articles/e3sconf/pdf/2024/37/e3sconf_icftest2024_01012.pdf,yes,2024/14_Improving_Soil_Properties_for_Construction_Usage_with_Fly_Ash_and_Rice_Husk_Ash.pdf
2024,"Optimizing flow, strength, and durability in high-strength self-compacting and self-curing concrete utilizing lightweight aggregates",10.1590/1517-7076-rmat-2023-0336,True,diamond,46,https://doi.org/10.1590/1517-7076-rmat-2023-0336,https://doi.org/10.1590/1517-7076-rmat-2023-0336,https://www.scielo.br/j/rmat/a/SLQCtzp7B4LGDWJFGXdG4Hg/?lang=en&format=pdf,yes,2024/15_Optimizing_flow_strength_and_durability_in_high-strength_self-compacting_and_self-curing_concrete_utilizing_lightweight_.pdf
2025,Gamma Radiation Shielding and Thermal Performance of Concrete with Coconut Shell Ash Replacement,10.37933/nipes/7.2.2025.27,True,diamond,18,https://doi.org/10.37933/nipes/7.2.2025.27,https://doi.org/10.37933/nipes/7.2.2025.27,https://journals.nipes.org/index.php/njstr/article/download/1411/1118/3813,yes,2025/13_Gamma_Radiation_Shielding_and_Thermal_Performance_of_Concrete_with_Coconut_Shell_Ash_Replacement.pdf
2025,Influence of the content and particle size of rice husk ash on the water susceptibility of asphalt mixtures,10.17268/scien.inge.2025.02.05,True,hybrid,2,https://doi.org/10.17268/scien.inge.2025.02.05,https://doi.org/10.17268/scien.inge.2025.02.05,https://revistas.unitru.edu.pe/index.php/PGM/article/download/6658/6881,yes,2025/14_Influence_of_the_content_and_particle_size_of_rice_husk_ash_on_the_water_susceptibility_of_asphalt_mixtures.pdf
2025,Effect of rice husk ash on compressive strength of sustainable pervious concrete and prediction model using machine learning algorithms,10.54113/j.sust.2025.000080,True,diamond,1,https://doi.org/10.54113/j.sust.2025.000080,https://doi.org/10.54113/j.sust.2025.000080,https://doi.org/10.54113/j.sust.2025.000080,yes,2025/15_Effect_of_rice_husk_ash_on_compressive_strength_of_sustainable_pervious_concrete_and_prediction_model_using_machine_lear.pdf
